epoch_ns	iso_time	masters	autoscaling	standby	last_scale	sts_desired	sts_ready	cluster_state	cluster_size	known_nodes	slots_ok	slots_fail	action
1787124692452599466	2026-08-19T07:31:32.454424526Z	3	NA	redis-cluster-6	2026-08-16T01:08:21Z	8	8	ok	3	8	16384	0	none
1787124698100693669	2026-08-19T07:31:38.102761002Z	3	NA	redis-cluster-6	2026-08-16T01:08:21Z	8	8	ok	3	8	16384	0	none
1787124704140276375	2026-08-19T07:31:44.142281406Z	3	NA	redis-cluster-6	2026-08-16T01:08:21Z	8	8	ok	3	8	16384	0	none
1787124710164620141	2026-08-19T07:31:50.168051143Z	3	NA	redis-cluster-6	2026-08-16T01:08:21Z	8	8	ok	3	8	16384	0	none
1787124716306133770	2026-08-19T07:31:56.309584755Z	3	NA	redis-cluster-6	2026-08-16T01:08:21Z	8	8	ok	3	8	16384	0	none
1787124722366220687	2026-08-19T07:32:02.368613123Z	3	NA	redis-cluster-6	2026-08-16T01:08:21Z	8	8	ok	3	8	16384	0	none
1787124728605190247	2026-08-19T07:32:08.607373135Z	3	NA	redis-cluster-6	2026-08-16T01:08:21Z	8	8	ok	3	8	16384	0	none
1787124734656576849	2026-08-19T07:32:14.658449236Z	3	NA	redis-cluster-6	2026-08-16T01:08:21Z	8	8	ok	3	8	16384	0	none
1787124740814344997	2026-08-19T07:32:20.817288515Z	3	NA	redis-cluster-6	2026-08-16T01:08:21Z	8	8	ok	3	8	16384	0	none
1787124746899764545	2026-08-19T07:32:26.901846222Z	3	NA	redis-cluster-6	2026-08-16T01:08:21Z	8	8	ok	3	8	16384	0	none
1787124752928656190	2026-08-19T07:32:32.931482391Z	3	NA	redis-cluster-6	2026-08-16T01:08:21Z	8	8	ok	3	8	16384	0	none
1787124759256260435	2026-08-19T07:32:39.259245884Z	3	NA	redis-cluster-6	2026-08-16T01:08:21Z	8	8	ok	3	8	16384	0	none
1787124765328145607	2026-08-19T07:32:45.331624212Z	3	NA	redis-cluster-6	2026-08-16T01:08:21Z	8	8	ok	3	8	16384	0	none
1787124771478003923	2026-08-19T07:32:51.480454109Z	3	NA	redis-cluster-6	2026-08-16T01:08:21Z	8	8	ok	3	8	16384	0	none
1787124777609066263	2026-08-19T07:32:57.612496775Z	3	NA	redis-cluster-6	2026-08-16T01:08:21Z	8	8	ok	3	8	16384	0	none
1787124783724505460	2026-08-19T07:33:03.727414113Z	3	NA	redis-cluster-6	2026-08-16T01:08:21Z	8	8	ok	3	8	16384	0	none
1787124789683900830	2026-08-19T07:33:09.685847353Z	3	true	redis-cluster-6	2026-08-16T01:08:21Z	8	8	ok	4	8	16384	0	none
1787124796051208965	2026-08-19T07:33:16.057237849Z	3	true	redis-cluster-6	2026-08-16T01:08:21Z	8	8	ok	4	8	16384	0	none
1787124802614754597	2026-08-19T07:33:22.619680075Z	3	true	redis-cluster-6	2026-08-16T01:08:21Z	8	8	ok	4	8	16384	0	none
1787124809863545648	2026-08-19T07:33:29.870402166Z	3	true	redis-cluster-6	2026-08-16T01:08:21Z	8	8	ok	4	8	16384	0	none
1787124817419014936	2026-08-19T07:33:37.424909376Z	3	true	redis-cluster-6	2026-08-16T01:08:21Z	8	8	ok	4	8	16384	0	none
1787124824453889675	2026-08-19T07:33:44.459506322Z	3	true	redis-cluster-6	2026-08-16T01:08:21Z	8	8	ok	4	8	16384	0	none
1787124831757593677	2026-08-19T07:33:51.764827439Z	3	true	redis-cluster-6	2026-08-16T01:08:21Z	8	8	ok	4	8	16384	0	none
1787124839142108248	2026-08-19T07:33:59.148902975Z	3	true	redis-cluster-6	2026-08-16T01:08:21Z	8	8	ok	4	8	16384	0	none
1787124846012065814	2026-08-19T07:34:06.019866445Z	3	true	redis-cluster-6	2026-08-16T01:08:21Z	8	8	ok	4	8	16384	0	none
1787124852627966912	2026-08-19T07:34:12.632095433Z	3	true	redis-cluster-6	2026-08-16T01:08:21Z	8	8	ok	4	8	16384	0	none
1787124859976580617	2026-08-19T07:34:19.982222328Z	3	true	redis-cluster-6	2026-08-16T01:08:21Z	8	8	ok	4	8	16384	0	none
1787124867646740675	2026-08-19T07:34:27.655649974Z	3	true	redis-cluster-6	2026-08-16T01:08:21Z	8	8	ok	4	8	16384	0	none
1787124874731977120	2026-08-19T07:34:34.733756608Z	3	true	redis-cluster-6	2026-08-16T01:08:21Z	8	8	ok	4	8	16384	0	none
1787124881389886125	2026-08-19T07:34:41.392773123Z	3	true	redis-cluster-6	2026-08-16T01:08:21Z	8	8	ok	4	8	16384	0	none
1787124888916962457	2026-08-19T07:34:48.923486969Z	3	true	redis-cluster-6	2026-08-16T01:08:21Z	8	8	ok	4	8	16384	0	none
1787124896284273340	2026-08-19T07:34:56.291757584Z	3	true	redis-cluster-6	2026-08-16T01:08:21Z	8	8	ok	4	8	16384	0	none
1787124903082576522	2026-08-19T07:35:03.084534652Z	3	true	redis-cluster-6	2026-08-16T01:08:21Z	8	8	ok	4	8	16384	0	none
1787124910448231292	2026-08-19T07:35:10.458310653Z	3	true	redis-cluster-6	2026-08-16T01:08:21Z	8	8	ok	4	8	16384	0	none
1787124917949927842	2026-08-19T07:35:17.954037111Z	3	true	redis-cluster-6	2026-08-16T01:08:21Z	8	8	ok	4	8	16384	0	none
1787124925088665116	2026-08-19T07:35:25.095935232Z	3	true	redis-cluster-6	2026-08-16T01:08:21Z	8	8	ok	4	8	16384	0	none
1787124932252233924	2026-08-19T07:35:32.265592711Z	3	true	redis-cluster-6	2026-08-16T01:08:21Z	8	8	ok	4	8	16384	0	none
1787124939703701225	2026-08-19T07:35:39.715514502Z	3	true	redis-cluster-6	2026-08-16T01:08:21Z	8	8	ok	4	8	16384	0	none
1787124946930584140	2026-08-19T07:35:46.937390774Z	3	true	redis-cluster-6	2026-08-16T01:08:21Z	8	8	ok	4	8	16384	0	none
1787124953663591582	2026-08-19T07:35:53.665476089Z	3	true	redis-cluster-6	2026-08-16T01:08:21Z	8	8	ok	4	8	16384	0	none
1787124960708130215	2026-08-19T07:36:00.718330867Z	3	true	redis-cluster-6	2026-08-16T01:08:21Z	8	8	ok	4	8	16384	0	none
1787124968070826915	2026-08-19T07:36:08.077493765Z	3	true	redis-cluster-6	2026-08-16T01:08:21Z	8	8	ok	4	8	16384	0	none
1787124975348835811	2026-08-19T07:36:15.355650929Z	3	true	redis-cluster-6	2026-08-16T01:08:21Z	8	8	ok	4	8	16384	0	none
1787124982298484039	2026-08-19T07:36:22.302646721Z	3	true	redis-cluster-6	2026-08-16T01:08:21Z	8	8	ok	4	8	16384	0	none
1787124989408317463	2026-08-19T07:36:29.413131710Z	3	true	redis-cluster-6	2026-08-16T01:08:21Z	8	8	ok	4	8	16384	0	none
1787124997117193353	2026-08-19T07:36:37.122070398Z	3	true	redis-cluster-6	2026-08-16T01:08:21Z	8	8	ok	4	8	16384	0	none
1787125003995107453	2026-08-19T07:36:44.002344072Z	3	true	redis-cluster-6	2026-08-16T01:08:21Z	8	8	ok	4	8	16384	0	none
1787125011465156666	2026-08-19T07:36:51.470719657Z	3	true	redis-cluster-6	2026-08-16T01:08:21Z	8	8	ok	4	8	16384	0	none
1787125018671862727	2026-08-19T07:36:58.679544792Z	3	true	redis-cluster-6	2026-08-16T01:08:21Z	8	8	ok	4	8	16384	0	none
1787125025925249815	2026-08-19T07:37:05.932322036Z	3	true	redis-cluster-6	2026-08-16T01:08:21Z	8	8	ok	4	8	16384	0	none
1787125033255916477	2026-08-19T07:37:13.263741223Z	3	true	redis-cluster-6	2026-08-16T01:08:21Z	8	8	ok	4	8	16384	0	none
1787125040894480106	2026-08-19T07:37:20.901597041Z	3	true	redis-cluster-6	2026-08-16T01:08:21Z	8	8	ok	4	8	16384	0	none
1787125048474323438	2026-08-19T07:37:28.482700853Z	3	true	redis-cluster-6	2026-08-16T01:08:21Z	8	8	ok	4	8	16384	0	none
1787125055191666228	2026-08-19T07:37:35.195375918Z	3	true	redis-cluster-6	2026-08-16T01:08:21Z	8	8	ok	4	8	16384	0	none
1787125062542320426	2026-08-19T07:37:42.550658120Z	3	true	redis-cluster-6	2026-08-16T01:08:21Z	8	8	ok	4	8	16384	0	none
1787125070398381628	2026-08-19T07:37:50.404494239Z	3	true	redis-cluster-6	2026-08-16T01:08:21Z	8	8	ok	4	8	16384	0	none
1787125077474147808	2026-08-19T07:37:57.477815106Z	3	true	redis-cluster-6	2026-08-16T01:08:21Z	8	8	ok	4	8	16384	0	none
1787125084901930713	2026-08-19T07:38:04.910473006Z	3	true	redis-cluster-6	2026-08-16T01:08:21Z	8	8	ok	4	8	16384	0	none
1787125092657127413	2026-08-19T07:38:12.658821289Z	3	true	redis-cluster-6	2026-08-16T01:08:21Z	8	8	ok	4	8	16384	0	none
1787125099342085344	2026-08-19T07:38:19.346885136Z	3	true	redis-cluster-6	2026-08-16T01:08:21Z	8	8	ok	4	8	16384	0	none
1787125105977621687	2026-08-19T07:38:25.986018743Z	3	true	redis-cluster-6	2026-08-16T01:08:21Z	8	8	ok	4	8	16384	0	none
1787125113223254196	2026-08-19T07:38:33.234386488Z	3	true	redis-cluster-6	2026-08-16T01:08:21Z	8	8	ok	4	8	16384	0	none
1787125120468177769	2026-08-19T07:38:40.472096669Z	3	true	redis-cluster-6	2026-08-16T01:08:21Z	8	8	ok	4	8	16384	0	none
1787125127450231454	2026-08-19T07:38:47.456589820Z	3	true	redis-cluster-6	2026-08-16T01:08:21Z	8	8	ok	4	8	16384	0	none
1787125134391025112	2026-08-19T07:38:54.393190843Z	3	true	redis-cluster-6	2026-08-16T01:08:21Z	8	8	ok	4	8	16384	0	none
1787125141792318829	2026-08-19T07:39:01.796126049Z	3	true	redis-cluster-6	2026-08-16T01:08:21Z	8	8	ok	4	8	16384	0	none
1787125149430720374	2026-08-19T07:39:09.436549817Z	3	true	redis-cluster-6	2026-08-16T01:08:21Z	8	8	ok	4	8	16384	0	none
1787125156642313639	2026-08-19T07:39:16.661992616Z	3	true	redis-cluster-6	2026-08-16T01:08:21Z	10	8	ok	4	8	16384	0	none
1787125166152270135	2026-08-19T07:39:26.158891460Z	4	true	redis-cluster-6	2026-08-19T07:39:18Z	10	9	ok	4	8	16384	0	none
1787125175592051727	2026-08-19T07:39:35.610527730Z	4	true	redis-cluster-6	2026-08-19T07:39:18Z	10	10	ok	4	8	16384	0	none
1787125184047971171	2026-08-19T07:39:44.068392391Z	4	true	redis-cluster-6	2026-08-19T07:39:18Z	10	10	ok	4	8	16384	0	none
1787125192151984597	2026-08-19T07:39:52.172464733Z	4	true	redis-cluster-6	2026-08-19T07:39:18Z	10	10	ok	4	8	16384	0	none
1787125200480691098	2026-08-19T07:40:00.488653346Z	4	true	redis-cluster-6	2026-08-19T07:39:18Z	10	10	ok	4	8	16384	0	none
1787125208877152728	2026-08-19T07:40:08.884737488Z	4	true	redis-cluster-6	2026-08-19T07:39:18Z	10	10	ok	4	8	16384	0	none
1787125217334672549	2026-08-19T07:40:17.346411977Z	4	true	redis-cluster-6	2026-08-19T07:39:18Z	10	10	ok	4	8	16384	0	none
1787125225865795631	2026-08-19T07:40:25.872341478Z	4	true	redis-cluster-6	2026-08-19T07:39:18Z	10	10	ok	4	8	16384	0	none
1787125234112455981	2026-08-19T07:40:34.121138604Z	4	true	redis-cluster-6	2026-08-19T07:39:18Z	10	10	ok	4	8	16384	0	none
1787125241881691820	2026-08-19T07:40:41.889235964Z	4	true	redis-cluster-6	2026-08-19T07:39:18Z	10	10	ok	4	8	16384	0	none
1787125250311047878	2026-08-19T07:40:50.318478409Z	4	true	redis-cluster-6	2026-08-19T07:39:18Z	10	10	ok	4	8	16384	0	none
1787125258743822507	2026-08-19T07:40:58.751748803Z	4	true	redis-cluster-6	2026-08-19T07:39:18Z	10	10	ok	4	8	16384	0	none
1787125267133277978	2026-08-19T07:41:07.140203425Z	4	true	redis-cluster-6	2026-08-19T07:39:18Z	10	10	ok	4	8	16384	0	none
1787125275143492540	2026-08-19T07:41:15.150011313Z	4	true	redis-cluster-6	2026-08-19T07:39:18Z	10	10	ok	4	8	16384	0	none
1787125283106889942	2026-08-19T07:41:23.116956456Z	4	true	redis-cluster-6	2026-08-19T07:39:18Z	10	10	ok	4	8	16384	0	none
1787125291117725903	2026-08-19T07:41:31.129324774Z	4	true	redis-cluster-8	2026-08-19T07:39:18Z	10	10	ok	4	8	16384	0	none
1787125299780310643	2026-08-19T07:41:39.784153906Z	4	true	redis-cluster-8	2026-08-19T07:39:18Z	10	10	ok	4	8	16384	0	none
1787125307836847206	2026-08-19T07:41:47.842667455Z	4	true	redis-cluster-8	2026-08-19T07:39:18Z	10	10	ok	4	8	16384	0	none
1787125316316725848	2026-08-19T07:41:56.320651329Z	4	true	redis-cluster-8	2026-08-19T07:39:18Z	10	10	ok	4	8	16384	0	none
1787125324454916973	2026-08-19T07:42:04.460559887Z	4	true	redis-cluster-8	2026-08-19T07:39:18Z	10	10	ok	4	8	16384	0	none
1787125332383514340	2026-08-19T07:42:12.391674680Z	4	true	redis-cluster-8	2026-08-19T07:39:18Z	10	10	ok	4	8	16384	0	none
1787125340680744419	2026-08-19T07:42:20.687107820Z	4	true	redis-cluster-8	2026-08-19T07:39:18Z	10	10	ok	4	8	16384	0	none
1787125348965216020	2026-08-19T07:42:28.972418804Z	4	true	redis-cluster-8	2026-08-19T07:39:18Z	10	10	ok	4	8	16384	0	none
1787125357047163369	2026-08-19T07:42:37.057108424Z	4	true	redis-cluster-8	2026-08-19T07:39:18Z	10	10	ok	4	8	16384	0	none
1787125364965679310	2026-08-19T07:42:44.970257965Z	4	true	redis-cluster-8	2026-08-19T07:39:18Z	10	10	ok	4	8	16384	0	none
1787125373106335855	2026-08-19T07:42:53.117639480Z	4	true	redis-cluster-8	2026-08-19T07:39:18Z	10	10	ok	4	8	16384	0	none
1787125381069399207	2026-08-19T07:43:01.075193263Z	4	true	redis-cluster-8	2026-08-19T07:39:18Z	10	10	ok	4	8	16384	0	none
1787125388970371697	2026-08-19T07:43:08.972123342Z	4	true	redis-cluster-8	2026-08-19T07:39:18Z	10	10	ok	4	8	16384	0	none
1787125394614759270	2026-08-19T07:43:14.617012335Z	4	true	redis-cluster-8	2026-08-19T07:39:18Z	10	10	ok	4	8	16384	0	none
1787125400258654265	2026-08-19T07:43:20.260449338Z	4	true	redis-cluster-8	2026-08-19T07:39:18Z	10	10	ok	4	8	16384	0	none
1787125405900871525	2026-08-19T07:43:25.902768729Z	4	true	redis-cluster-8	2026-08-19T07:39:18Z	10	10	ok	4	8	16384	0	none
1787125411541517575	2026-08-19T07:43:31.543265989Z	4	true	redis-cluster-8	2026-08-19T07:39:18Z	10	10	ok	4	8	16384	0	none
1787125417187183321	2026-08-19T07:43:37.188977959Z	4	true	redis-cluster-8	2026-08-19T07:39:18Z	10	10	ok	4	8	16384	0	none
1787125422832162962	2026-08-19T07:43:42.833928609Z	4	true	redis-cluster-8	2026-08-19T07:39:18Z	10	10	ok	4	8	16384	0	none
1787125428481578262	2026-08-19T07:43:48.483400705Z	4	true	redis-cluster-8	2026-08-19T07:39:18Z	10	10	ok	4	8	16384	0	none
1787125434126472007	2026-08-19T07:43:54.128286680Z	4	true	redis-cluster-8	2026-08-19T07:39:18Z	10	10	ok	4	8	16384	0	none
1787125439772608838	2026-08-19T07:43:59.774385288Z	4	true	redis-cluster-8	2026-08-19T07:39:18Z	10	10	ok	4	8	16384	0	none
1787125445412673001	2026-08-19T07:44:05.414478096Z	4	true	redis-cluster-8	2026-08-19T07:39:18Z	10	10	ok	4	8	16384	0	none
1787125451057425876	2026-08-19T07:44:11.059163908Z	4	true	redis-cluster-8	2026-08-19T07:39:18Z	10	10	ok	4	8	16384	0	none
1787125456701799173	2026-08-19T07:44:16.703581906Z	4	true	redis-cluster-8	2026-08-19T07:39:18Z	10	10	ok	4	8	16384	0	none
1787125462348864513	2026-08-19T07:44:22.350652761Z	4	true	redis-cluster-8	2026-08-19T07:39:18Z	10	10	ok	4	8	16384	0	none
1787125467997304606	2026-08-19T07:44:27.999088120Z	4	true	redis-cluster-8	2026-08-19T07:39:18Z	10	10	ok	4	8	16384	0	none
1787125473648530028	2026-08-19T07:44:33.650330740Z	4	true	redis-cluster-8	2026-08-19T07:39:18Z	10	10	ok	4	8	16384	0	none
1787125479292279943	2026-08-19T07:44:39.294090709Z	4	true	redis-cluster-8	2026-08-19T07:39:18Z	10	10	ok	4	8	16384	0	none
1787125484932507343	2026-08-19T07:44:44.934288984Z	4	true	redis-cluster-8	2026-08-19T07:39:18Z	10	10	ok	4	8	16384	0	none
1787125490575818210	2026-08-19T07:44:50.577978764Z	4	true	redis-cluster-8	2026-08-19T07:39:18Z	10	10	ok	4	8	16384	0	none
1787125496228042187	2026-08-19T07:44:56.229884534Z	4	true	redis-cluster-8	2026-08-19T07:39:18Z	10	10	ok	4	8	16384	0	none
1787125501869445967	2026-08-19T07:45:01.871232282Z	4	true	redis-cluster-8	2026-08-19T07:39:18Z	10	10	ok	4	8	16384	0	none
1787125507513330948	2026-08-19T07:45:07.515132729Z	4	true	redis-cluster-8	2026-08-19T07:39:18Z	10	10	ok	4	8	16384	0	none
1787125513151401812	2026-08-19T07:45:13.153576474Z	4	true	redis-cluster-8	2026-08-19T07:39:18Z	10	10	ok	4	8	16384	0	none
1787125518793635301	2026-08-19T07:45:18.795625464Z	4	true	redis-cluster-8	2026-08-19T07:39:18Z	10	10	ok	4	8	16384	0	none
1787125524436741720	2026-08-19T07:45:24.438565034Z	4	true	redis-cluster-8	2026-08-19T07:39:18Z	10	10	ok	4	8	16384	0	none
1787125530080621478	2026-08-19T07:45:30.082429613Z	4	true	redis-cluster-8	2026-08-19T07:39:18Z	10	10	ok	4	8	16384	0	none
1787125535718705688	2026-08-19T07:45:35.720597450Z	4	true	redis-cluster-8	2026-08-19T07:39:18Z	10	10	ok	4	8	16384	0	none
1787125541365319479	2026-08-19T07:45:41.367107235Z	4	true	redis-cluster-8	2026-08-19T07:39:18Z	10	10	ok	4	8	16384	0	none
1787125547021775592	2026-08-19T07:45:47.023591255Z	4	true	redis-cluster-8	2026-08-19T07:39:18Z	10	10	ok	4	8	16384	0	none
1787125552664957736	2026-08-19T07:45:52.666795212Z	4	true	redis-cluster-8	2026-08-19T07:39:18Z	10	10	ok	4	8	16384	0	none
1787125558315269156	2026-08-19T07:45:58.317127239Z	4	true	redis-cluster-8	2026-08-19T07:39:18Z	10	10	ok	4	8	16384	0	none
1787125563965664600	2026-08-19T07:46:03.967465890Z	4	true	redis-cluster-8	2026-08-19T07:39:18Z	10	10	ok	4	8	16384	0	none
1787125569606530239	2026-08-19T07:46:09.608351061Z	4	true	redis-cluster-8	2026-08-19T07:39:18Z	10	10	ok	4	8	16384	0	none
1787125575250741800	2026-08-19T07:46:15.252642422Z	4	true	redis-cluster-8	2026-08-19T07:39:18Z	10	10	ok	4	8	16384	0	none
1787125580890940493	2026-08-19T07:46:20.892774825Z	4	true	redis-cluster-8	2026-08-19T07:39:18Z	10	10	ok	4	8	16384	0	none
1787125586537826561	2026-08-19T07:46:26.539958171Z	4	true	redis-cluster-8	2026-08-19T07:39:18Z	10	10	ok	4	8	16384	0	none
1787125592183908933	2026-08-19T07:46:32.185708863Z	4	true	redis-cluster-8	2026-08-19T07:39:18Z	10	10	ok	4	8	16384	0	none
1787125597828791160	2026-08-19T07:46:37.830629520Z	4	true	redis-cluster-8	2026-08-19T07:39:18Z	10	10	ok	4	8	16384	0	none
1787125603472742857	2026-08-19T07:46:43.474552209Z	4	true	redis-cluster-8	2026-08-19T07:39:18Z	10	10	ok	4	8	16384	0	none
1787125609124785108	2026-08-19T07:46:49.126989043Z	4	true	redis-cluster-8	2026-08-19T07:39:18Z	10	10	ok	4	8	16384	0	none
1787125614774064993	2026-08-19T07:46:54.775747560Z	4	true	redis-cluster-8	2026-08-19T07:39:18Z	10	10	ok	4	8	16384	0	none
1787125620413267579	2026-08-19T07:47:00.415080375Z	4	true	redis-cluster-8	2026-08-19T07:39:18Z	10	10	ok	4	8	16384	0	none
1787125626055029948	2026-08-19T07:47:06.056698758Z	4	true	redis-cluster-8	2026-08-19T07:39:18Z	10	10	ok	4	8	16384	0	none
1787125631697202425	2026-08-19T07:47:11.699084628Z	4	true	redis-cluster-8	2026-08-19T07:39:18Z	10	10	ok	4	8	16384	0	none
1787125637337545930	2026-08-19T07:47:17.339383669Z	4	true	redis-cluster-8	2026-08-19T07:39:18Z	10	10	ok	4	8	16384	0	none
1787125643007028566	2026-08-19T07:47:23.008707531Z	4	true	redis-cluster-8	2026-08-19T07:39:18Z	10	10	ok	4	8	16384	0	none
1787125648646427917	2026-08-19T07:47:28.648127479Z	4	true	redis-cluster-8	2026-08-19T07:39:18Z	10	10	ok	4	8	16384	0	none
1787125654292370866	2026-08-19T07:47:34.294167132Z	4	true	redis-cluster-8	2026-08-19T07:39:18Z	10	10	ok	4	8	16384	0	none
1787125659941369454	2026-08-19T07:47:39.943208179Z	4	true	redis-cluster-8	2026-08-19T07:39:18Z	10	10	ok	4	8	16384	0	none
1787125665581771043	2026-08-19T07:47:45.583601690Z	4	true	redis-cluster-8	2026-08-19T07:39:18Z	10	10	ok	4	8	16384	0	none
1787125671229450499	2026-08-19T07:47:51.231269196Z	4	true	redis-cluster-8	2026-08-19T07:39:18Z	10	10	ok	4	8	16384	0	none
1787125676868112698	2026-08-19T07:47:56.869775295Z	4	true	redis-cluster-8	2026-08-19T07:39:18Z	10	10	ok	4	8	16384	0	none
1787125682513673117	2026-08-19T07:48:02.515540463Z	4	true	redis-cluster-8	2026-08-19T07:39:18Z	10	10	ok	4	8	16384	0	none
1787125688156994733	2026-08-19T07:48:08.158703720Z	4	true	redis-cluster-8	2026-08-19T07:39:18Z	10	10	ok	4	8	16384	0	none
1787125693798875022	2026-08-19T07:48:13.801008026Z	4	true	redis-cluster-8	2026-08-19T07:39:18Z	10	10	ok	4	8	16384	0	none
1787125699438017301	2026-08-19T07:48:19.440191521Z	4	true	redis-cluster-8	2026-08-19T07:39:18Z	10	10	ok	4	8	16384	0	none
1787125705085754369	2026-08-19T07:48:25.087560839Z	4	true	redis-cluster-8	2026-08-19T07:39:18Z	10	10	ok	4	8	16384	0	none
1787125710727226460	2026-08-19T07:48:30.729055146Z	4	true	redis-cluster-8	2026-08-19T07:39:18Z	10	10	ok	4	8	16384	0	none
1787125716372057631	2026-08-19T07:48:36.373877440Z	4	true	redis-cluster-8	2026-08-19T07:39:18Z	10	10	ok	4	8	16384	0	none
1787125722010724473	2026-08-19T07:48:42.012508753Z	4	true	redis-cluster-8	2026-08-19T07:39:18Z	10	10	ok	4	8	16384	0	none
1787125727657748179	2026-08-19T07:48:47.659580525Z	4	true	redis-cluster-8	2026-08-19T07:39:18Z	10	10	ok	4	8	16384	0	none
1787125733304697545	2026-08-19T07:48:53.306504675Z	4	true	redis-cluster-8	2026-08-19T07:39:18Z	10	10	ok	4	8	16384	0	none
1787125738947801856	2026-08-19T07:48:58.949637065Z	4	true	redis-cluster-8	2026-08-19T07:39:18Z	10	10	ok	4	8	16384	0	none
1787125744591091125	2026-08-19T07:49:04.592870808Z	4	true	redis-cluster-8	2026-08-19T07:39:18Z	10	10	ok	4	8	16384	0	none
1787125750243854179	2026-08-19T07:49:10.245699768Z	4	true	redis-cluster-8	2026-08-19T07:39:18Z	10	10	ok	4	8	16384	0	none
1787125755892310879	2026-08-19T07:49:15.894128309Z	4	true	redis-cluster-8	2026-08-19T07:39:18Z	10	10	ok	4	8	16384	0	none
1787125761539232594	2026-08-19T07:49:21.541056680Z	4	true	redis-cluster-8	2026-08-19T07:39:18Z	10	10	ok	4	8	16384	0	none
1787125767180909725	2026-08-19T07:49:27.182734259Z	4	true	redis-cluster-8	2026-08-19T07:39:18Z	10	10	ok	4	8	16384	0	none
1787125772821568175	2026-08-19T07:49:32.823384814Z	4	true	redis-cluster-8	2026-08-19T07:39:18Z	10	10	ok	4	8	16384	0	none
1787125778466834966	2026-08-19T07:49:38.468610931Z	4	true	redis-cluster-8	2026-08-19T07:39:18Z	10	10	ok	4	8	16384	0	none
1787125784107800829	2026-08-19T07:49:44.109617975Z	4	true	redis-cluster-8	2026-08-19T07:39:18Z	10	10	ok	4	8	16384	0	none
1787125789749599857	2026-08-19T07:49:49.751427835Z	4	true	redis-cluster-8	2026-08-19T07:39:18Z	10	10	ok	4	8	16384	0	none
1787125795392406871	2026-08-19T07:49:55.394201450Z	4	true	redis-cluster-8	2026-08-19T07:39:18Z	10	10	ok	4	8	16384	0	none
1787125801034871454	2026-08-19T07:50:01.036683583Z	4	true	redis-cluster-8	2026-08-19T07:39:18Z	10	10	ok	4	8	16384	0	none
1787125806679862235	2026-08-19T07:50:06.681677067Z	4	true	redis-cluster-8	2026-08-19T07:39:18Z	10	10	ok	4	8	16384	0	none
1787125812323553272	2026-08-19T07:50:12.325382202Z	4	true	redis-cluster-8	2026-08-19T07:39:18Z	10	10	ok	4	8	16384	0	none
1787125817971107174	2026-08-19T07:50:17.972894476Z	4	true	redis-cluster-8	2026-08-19T07:39:18Z	10	10	ok	4	8	16384	0	none
1787125823615373145	2026-08-19T07:50:23.617184724Z	4	true	redis-cluster-8	2026-08-19T07:39:18Z	10	10	ok	4	8	16384	0	none
1787125829256348760	2026-08-19T07:50:29.258164558Z	4	true	redis-cluster-8	2026-08-19T07:39:18Z	10	10	ok	4	8	16384	0	none
1787125834900666481	2026-08-19T07:50:34.902583588Z	4	true	redis-cluster-8	2026-08-19T07:39:18Z	10	10	ok	4	8	16384	0	none
1787125840543991818	2026-08-19T07:50:40.545710507Z	4	true	redis-cluster-8	2026-08-19T07:39:18Z	10	10	ok	4	8	16384	0	none
1787125846212449511	2026-08-19T07:50:46.214219623Z	4	true	redis-cluster-8	2026-08-19T07:39:18Z	10	10	ok	4	8	16384	0	none
1787125851856137645	2026-08-19T07:50:51.857942036Z	4	true	redis-cluster-8	2026-08-19T07:39:18Z	10	10	ok	4	8	16384	0	none
1787125857500156706	2026-08-19T07:50:57.501831751Z	4	true	redis-cluster-8	2026-08-19T07:39:18Z	10	10	ok	4	8	16384	0	none
1787125863145038266	2026-08-19T07:51:03.146846282Z	4	true	redis-cluster-8	2026-08-19T07:39:18Z	10	10	ok	4	8	16384	0	none
1787125868785269544	2026-08-19T07:51:08.787039400Z	4	true	redis-cluster-8	2026-08-19T07:39:18Z	10	10	ok	4	8	16384	0	none
1787125874426437488	2026-08-19T07:51:14.428237663Z	4	true	redis-cluster-8	2026-08-19T07:39:18Z	10	10	ok	4	8	16384	0	none
1787125880070454526	2026-08-19T07:51:20.072239047Z	4	true	redis-cluster-8	2026-08-19T07:39:18Z	10	10	ok	4	8	16384	0	none
1787125885714599880	2026-08-19T07:51:25.716644549Z	4	true	redis-cluster-8	2026-08-19T07:39:18Z	10	10	ok	4	8	16384	0	none
1787125891359460073	2026-08-19T07:51:31.361257996Z	4	true	redis-cluster-8	2026-08-19T07:39:18Z	10	10	ok	4	8	16384	0	none
1787125897001963992	2026-08-19T07:51:37.003912633Z	4	true	redis-cluster-8	2026-08-19T07:39:18Z	10	10	ok	4	8	16384	0	none
1787125902648793753	2026-08-19T07:51:42.650602547Z	4	true	redis-cluster-8	2026-08-19T07:39:18Z	10	10	ok	4	8	16384	0	none
1787125908296425535	2026-08-19T07:51:48.298247022Z	4	true	redis-cluster-8	2026-08-19T07:39:18Z	10	10	ok	4	8	16384	0	none
1787125913945674473	2026-08-19T07:51:53.947509025Z	4	true	redis-cluster-8	2026-08-19T07:39:18Z	10	10	ok	4	8	16384	0	none
1787125919592264156	2026-08-19T07:51:59.594070737Z	4	true	redis-cluster-8	2026-08-19T07:39:18Z	10	10	ok	4	8	16384	0	none
1787125925236690576	2026-08-19T07:52:05.238565453Z	4	true	redis-cluster-8	2026-08-19T07:39:18Z	10	10	ok	4	8	16384	0	none
1787125930874377884	2026-08-19T07:52:10.876188870Z	4	true	redis-cluster-8	2026-08-19T07:39:18Z	10	10	ok	4	8	16384	0	none
1787125936514466523	2026-08-19T07:52:16.516332851Z	4	true	redis-cluster-8	2026-08-19T07:39:18Z	10	10	ok	4	8	16384	0	none
1787125942158311649	2026-08-19T07:52:22.160118765Z	4	true	redis-cluster-8	2026-08-19T07:39:18Z	10	10	ok	4	8	16384	0	none
1787125947802698081	2026-08-19T07:52:27.804734782Z	4	true	redis-cluster-8	2026-08-19T07:39:18Z	10	10	ok	4	8	16384	0	none
1787125953445285078	2026-08-19T07:52:33.447413881Z	4	true	redis-cluster-8	2026-08-19T07:39:18Z	10	10	ok	4	8	16384	0	none
1787125959088773513	2026-08-19T07:52:39.090566866Z	4	true	redis-cluster-8	2026-08-19T07:39:18Z	10	10	ok	4	8	16384	0	none
1787125964729979081	2026-08-19T07:52:44.731805544Z	4	true	redis-cluster-8	2026-08-19T07:39:18Z	10	10	ok	4	8	16384	0	none
1787125970376629978	2026-08-19T07:52:50.378469841Z	4	true	redis-cluster-8	2026-08-19T07:39:18Z	10	10	ok	4	8	16384	0	none
1787125976013255499	2026-08-19T07:52:56.015054243Z	4	true	redis-cluster-8	2026-08-19T07:39:18Z	10	10	ok	4	8	16384	0	none
1787125981652482621	2026-08-19T07:53:01.654485451Z	4	true	redis-cluster-8	2026-08-19T07:39:18Z	10	10	ok	4	8	16384	0	none
1787125987298511787	2026-08-19T07:53:07.300294272Z	4	true	redis-cluster-8	2026-08-19T07:39:18Z	10	10	ok	4	8	16384	0	none
1787125992945200254	2026-08-19T07:53:12.947300856Z	4	true	redis-cluster-8	2026-08-19T07:39:18Z	10	10	ok	4	8	16384	0	none
1787125998591145551	2026-08-19T07:53:18.593102438Z	4	true	redis-cluster-8	2026-08-19T07:39:18Z	10	10	ok	4	8	16384	0	none
1787126004234838459	2026-08-19T07:53:24.236622876Z	4	true	redis-cluster-8	2026-08-19T07:39:18Z	10	10	ok	4	8	16384	0	none
1787126009883463487	2026-08-19T07:53:29.885226699Z	4	true	redis-cluster-8	2026-08-19T07:39:18Z	10	10	ok	4	8	16384	0	none
1787126015527043878	2026-08-19T07:53:35.529195414Z	4	true	redis-cluster-8	2026-08-19T07:39:18Z	10	10	ok	4	8	16384	0	none
1787126021172447749	2026-08-19T07:53:41.174304256Z	4	true	redis-cluster-8	2026-08-19T07:39:18Z	10	10	ok	4	8	16384	0	none
1787126026820853243	2026-08-19T07:53:46.822676187Z	4	true	redis-cluster-8	2026-08-19T07:39:18Z	10	10	ok	4	8	16384	0	none
1787126032470013977	2026-08-19T07:53:52.471932395Z	4	true	redis-cluster-8	2026-08-19T07:39:18Z	10	10	ok	4	8	16384	0	none
1787126038123836348	2026-08-19T07:53:58.125644469Z	4	true	redis-cluster-8	2026-08-19T07:39:18Z	10	10	ok	4	8	16384	0	none
1787126043768044293	2026-08-19T07:54:03.770075717Z	4	true	redis-cluster-8	2026-08-19T07:39:18Z	10	10	ok	4	8	16384	0	none
1787126049408393839	2026-08-19T07:54:09.410251424Z	4	true	redis-cluster-8	2026-08-19T07:39:18Z	10	10	ok	4	8	16384	0	none
1787126055063481842	2026-08-19T07:54:15.065275312Z	4	true	redis-cluster-8	2026-08-19T07:39:18Z	10	10	ok	4	8	16384	0	none
1787126060699803134	2026-08-19T07:54:20.701638870Z	4	true	redis-cluster-8	2026-08-19T07:39:18Z	10	10	ok	4	8	16384	0	none
1787126066344411556	2026-08-19T07:54:26.346269773Z	4	true	redis-cluster-8	2026-08-19T07:39:18Z	10	10	ok	4	8	16384	0	none
1787126071991269930	2026-08-19T07:54:31.993064955Z	4	true	redis-cluster-8	2026-08-19T07:39:18Z	10	10	ok	4	8	16384	0	none
1787126077635550903	2026-08-19T07:54:37.637426745Z	4	true	redis-cluster-8	2026-08-19T07:39:18Z	10	10	ok	4	8	16384	0	none
1787126083275758138	2026-08-19T07:54:43.277577938Z	4	true	redis-cluster-8	2026-08-19T07:39:18Z	10	10	ok	4	8	16384	0	none
1787126088924749835	2026-08-19T07:54:48.926567386Z	4	true	redis-cluster-8	2026-08-19T07:39:18Z	10	10	ok	4	8	16384	0	none
1787126094567494568	2026-08-19T07:54:54.569307072Z	4	true	redis-cluster-8	2026-08-19T07:39:18Z	10	10	ok	4	8	16384	0	none
1787126100212955924	2026-08-19T07:55:00.215116831Z	4	true	redis-cluster-8	2026-08-19T07:39:18Z	10	10	ok	4	8	16384	0	none
1787126105852482044	2026-08-19T07:55:05.854305291Z	4	true	redis-cluster-8	2026-08-19T07:39:18Z	10	10	ok	4	8	16384	0	none
1787126111497402788	2026-08-19T07:55:11.499203174Z	4	true	redis-cluster-8	2026-08-19T07:39:18Z	10	10	ok	4	8	16384	0	none
1787126117152852010	2026-08-19T07:55:17.154665692Z	4	true	redis-cluster-8	2026-08-19T07:39:18Z	10	10	ok	4	8	16384	0	none
1787126122797279656	2026-08-19T07:55:22.799282232Z	4	true	redis-cluster-8	2026-08-19T07:39:18Z	10	10	ok	4	8	16384	0	none
1787126128462572990	2026-08-19T07:55:28.464813375Z	4	true	redis-cluster-8	2026-08-19T07:39:18Z	10	10	ok	4	8	16384	0	none
1787126134105180904	2026-08-19T07:55:34.106989883Z	4	true	redis-cluster-8	2026-08-19T07:39:18Z	10	10	ok	4	8	16384	0	none
1787126139754176163	2026-08-19T07:55:39.756024582Z	4	true	redis-cluster-8	2026-08-19T07:39:18Z	10	10	ok	4	8	16384	0	none
1787126145401234145	2026-08-19T07:55:45.403059790Z	4	true	redis-cluster-8	2026-08-19T07:39:18Z	10	10	ok	4	8	16384	0	none
1787126151046445004	2026-08-19T07:55:51.048338424Z	4	true	redis-cluster-8	2026-08-19T07:39:18Z	10	10	ok	4	8	16384	0	none
1787126156695726149	2026-08-19T07:55:56.697564076Z	4	true	redis-cluster-8	2026-08-19T07:39:18Z	10	10	ok	4	8	16384	0	none
1787126162344696723	2026-08-19T07:56:02.346446614Z	4	true	redis-cluster-8	2026-08-19T07:39:18Z	10	10	ok	4	8	16384	0	none
1787126168007233858	2026-08-19T07:56:08.009051703Z	4	true	redis-cluster-8	2026-08-19T07:39:18Z	10	10	ok	4	8	16384	0	none
1787126173666123533	2026-08-19T07:56:13.668257579Z	4	true	redis-cluster-8	2026-08-19T07:39:18Z	10	10	ok	4	8	16384	0	none
1787126179311787425	2026-08-19T07:56:19.313951331Z	4	true	redis-cluster-8	2026-08-19T07:39:18Z	10	10	ok	4	8	16384	0	none
1787126184958754398	2026-08-19T07:56:24.960592318Z	4	true	redis-cluster-8	2026-08-19T07:39:18Z	10	10	ok	4	8	16384	0	none
1787126190605647367	2026-08-19T07:56:30.607450928Z	4	true	redis-cluster-8	2026-08-19T07:39:18Z	10	10	ok	4	8	16384	0	none
1787126196253941870	2026-08-19T07:56:36.255757844Z	4	true	redis-cluster-8	2026-08-19T07:39:18Z	10	10	ok	4	8	16384	0	none
1787126201896100021	2026-08-19T07:56:41.897814200Z	4	true	redis-cluster-8	2026-08-19T07:39:18Z	10	10	ok	4	8	16384	0	none
1787126207542714699	2026-08-19T07:56:47.544527672Z	4	true	redis-cluster-8	2026-08-19T07:39:18Z	10	10	ok	4	8	16384	0	none
1787126213188090339	2026-08-19T07:56:53.189910643Z	4	true	redis-cluster-8	2026-08-19T07:39:18Z	10	10	ok	4	8	16384	0	none
1787126218825692882	2026-08-19T07:56:58.827539157Z	4	true	redis-cluster-8	2026-08-19T07:39:18Z	10	10	ok	4	8	16384	0	none
1787126224471646801	2026-08-19T07:57:04.473487399Z	4	true	redis-cluster-8	2026-08-19T07:39:18Z	10	10	ok	4	8	16384	0	none
1787126230128627471	2026-08-19T07:57:10.130470088Z	4	true	redis-cluster-8	2026-08-19T07:39:18Z	10	10	ok	4	8	16384	0	none
1787126235773993268	2026-08-19T07:57:15.775698543Z	4	true	redis-cluster-8	2026-08-19T07:39:18Z	10	10	ok	4	8	16384	0	none
1787126241417033487	2026-08-19T07:57:21.418847698Z	4	true	redis-cluster-8	2026-08-19T07:39:18Z	10	10	ok	4	8	16384	0	none
1787126247059073237	2026-08-19T07:57:27.060733002Z	4	true	redis-cluster-8	2026-08-19T07:39:18Z	10	10	ok	4	8	16384	0	none
1787126252701471688	2026-08-19T07:57:32.703290864Z	4	true	redis-cluster-8	2026-08-19T07:39:18Z	10	10	ok	4	8	16384	0	none
1787126258382463374	2026-08-19T07:57:38.384238050Z	4	true	redis-cluster-8	2026-08-19T07:39:18Z	10	10	ok	4	8	16384	0	none
1787126264033305017	2026-08-19T07:57:44.035284801Z	4	true	redis-cluster-8	2026-08-19T07:39:18Z	10	10	ok	4	8	16384	0	none
1787126269687638107	2026-08-19T07:57:49.689480634Z	4	true	redis-cluster-8	2026-08-19T07:39:18Z	10	10	ok	4	8	16384	0	none
1787126275328469956	2026-08-19T07:57:55.330315104Z	4	true	redis-cluster-8	2026-08-19T07:39:18Z	10	10	ok	4	8	16384	0	none
1787126280978705577	2026-08-19T07:58:00.980550072Z	4	true	redis-cluster-8	2026-08-19T07:39:18Z	10	10	ok	4	8	16384	0	none
1787126286617612276	2026-08-19T07:58:06.619383950Z	4	true	redis-cluster-8	2026-08-19T07:39:18Z	10	10	ok	4	8	16384	0	none
1787126292261625125	2026-08-19T07:58:12.263431808Z	4	true	redis-cluster-8	2026-08-19T07:39:18Z	10	10	ok	4	8	16384	0	none
1787126297904438444	2026-08-19T07:58:17.906303213Z	4	true	redis-cluster-8	2026-08-19T07:39:18Z	10	10	ok	4	8	16384	0	none
1787126303558793311	2026-08-19T07:58:23.560609435Z	4	true	redis-cluster-8	2026-08-19T07:39:18Z	10	10	ok	4	8	16384	0	none
1787126309212445132	2026-08-19T07:58:29.214192105Z	4	true	redis-cluster-8	2026-08-19T07:39:18Z	10	10	ok	4	8	16384	0	none
1787126314856532321	2026-08-19T07:58:34.858464828Z	4	true	redis-cluster-8	2026-08-19T07:39:18Z	10	10	ok	4	8	16384	0	none
1787126320501574883	2026-08-19T07:58:40.503392489Z	4	true	redis-cluster-8	2026-08-19T07:39:18Z	10	10	ok	4	8	16384	0	none
1787126326151065438	2026-08-19T07:58:46.152743003Z	4	true	redis-cluster-8	2026-08-19T07:39:18Z	10	10	ok	4	8	16384	0	none
1787126331792204941	2026-08-19T07:58:51.794136784Z	4	true	redis-cluster-8	2026-08-19T07:39:18Z	10	10	ok	4	8	16384	0	none
1787126337436697425	2026-08-19T07:58:57.438602596Z	4	true	redis-cluster-8	2026-08-19T07:39:18Z	10	10	ok	4	8	16384	0	none
1787126343085534251	2026-08-19T07:59:03.087434191Z	4	true	redis-cluster-8	2026-08-19T07:39:18Z	10	10	ok	4	8	16384	0	none
1787126348723756739	2026-08-19T07:59:08.725590157Z	4	true	redis-cluster-8	2026-08-19T07:39:18Z	10	10	ok	4	8	16384	0	none
1787126354366346374	2026-08-19T07:59:14.368192718Z	4	true	redis-cluster-8	2026-08-19T07:39:18Z	10	10	ok	4	8	16384	0	none
1787126360009014410	2026-08-19T07:59:20.010708639Z	4	true	redis-cluster-8	2026-08-19T07:39:18Z	10	10	ok	4	9	16384	0	none
1787126365659392131	2026-08-19T07:59:25.661194856Z	4	true	redis-cluster-8	2026-08-19T07:39:18Z	10	10	ok	4	9	16384	0	none
1787126371302282377	2026-08-19T07:59:31.304085119Z	4	true	redis-cluster-8	2026-08-19T07:39:18Z	10	10	ok	4	10	16384	0	freeze_completed_scale_at_four
