home-timeline-service-54d4df64f4-5hr4k	home-timeline-service	2026-08-19T08:07:17Z	0.00042614794932740725
home-timeline-service-54d4df64f4-5hr4k	home-timeline-service	2026-08-19T08:07:32Z	0.00040170419945094476
home-timeline-service-54d4df64f4-5hr4k	home-timeline-service	2026-08-19T08:07:47Z	13.816299387143378
home-timeline-service-54d4df64f4-5hr4k	home-timeline-service	2026-08-19T08:08:02Z	41.95805127289755
home-timeline-service-54d4df64f4-5hr4k	home-timeline-service	2026-08-19T08:08:17Z	63.93499360021132
home-timeline-service-54d4df64f4-5hr4k	home-timeline-service	2026-08-19T08:08:32Z	82.02073930432712
home-timeline-service-54d4df64f4-5hr4k	home-timeline-service	2026-08-19T08:08:47Z	82.79076389281758
home-timeline-service-54d4df64f4-5hr4k	home-timeline-service	2026-08-19T08:09:02Z	69.57629926461692
home-timeline-service-54d4df64f4-5hr4k	home-timeline-service	2026-08-19T08:09:17Z	82.09568733153635
home-timeline-service-54d4df64f4-5hr4k	home-timeline-service	2026-08-19T08:09:32Z	81.10768008474537
home-timeline-service-54d4df64f4-5hr4k	home-timeline-service	2026-08-19T08:09:47Z	67.89696103463608
home-timeline-service-54d4df64f4-5hr4k	home-timeline-service	2026-08-19T08:10:02Z	81.41598142525464
home-timeline-service-54d4df64f4-5hr4k	home-timeline-service	2026-08-19T08:10:17Z	66.5975928181032
home-timeline-service-54d4df64f4-5hr4k	home-timeline-service	2026-08-19T08:10:32Z	80.88031648893592
home-timeline-service-54d4df64f4-5hr4k	home-timeline-service	2026-08-19T08:10:47Z	81.64618300404472
home-timeline-service-54d4df64f4-5hr4k	home-timeline-service	2026-08-19T08:11:02Z	82.8228130652935
home-timeline-service-54d4df64f4-5hr4k	home-timeline-service	2026-08-19T08:11:17Z	81.911637436486
home-timeline-service-54d4df64f4-5hr4k	home-timeline-service	2026-08-19T08:11:32Z	81.72941312562648
home-timeline-service-54d4df64f4-5hr4k	home-timeline-service	2026-08-19T08:11:47Z	81.65512447552435
home-timeline-service-54d4df64f4-5hr4k	home-timeline-service	2026-08-19T08:12:02Z	81.40350268394539
home-timeline-service-54d4df64f4-5hr4k	home-timeline-service	2026-08-19T08:12:17Z	80.93670603167656
home-timeline-service-54d4df64f4-5hr4k	home-timeline-service	2026-08-19T08:12:32Z	80.04579055852417
home-timeline-service-54d4df64f4-5hr4k	home-timeline-service	2026-08-19T08:12:47Z	78.99753145481539
home-timeline-service-54d4df64f4-5hr4k	home-timeline-service	2026-08-19T08:13:02Z	64.58340520447913
home-timeline-service-54d4df64f4-5hr4k	home-timeline-service	2026-08-19T08:13:17Z	78.02682135380357
home-timeline-service-54d4df64f4-5hr4k	home-timeline-service	2026-08-19T08:13:32Z	78.20634199606809
home-timeline-service-54d4df64f4-5hr4k	home-timeline-service	2026-08-19T08:13:47Z	79.4973626818352
home-timeline-service-54d4df64f4-5hr4k	home-timeline-service	2026-08-19T08:14:02Z	80.17479848049692
home-timeline-service-54d4df64f4-5hr4k	home-timeline-service	2026-08-19T08:14:17Z	66.77042191332015
home-timeline-service-54d4df64f4-5hr4k	home-timeline-service	2026-08-19T08:14:32Z	78.41401619623286
home-timeline-service-54d4df64f4-5hr4k	home-timeline-service	2026-08-19T08:14:47Z	76.7940660617454
home-timeline-service-54d4df64f4-5hr4k	home-timeline-service	2026-08-19T08:15:02Z	76.74808905689756
home-timeline-service-54d4df64f4-5hr4k	home-timeline-service	2026-08-19T08:15:17Z	76.89996639596771
home-timeline-service-54d4df64f4-5hr4k	home-timeline-service	2026-08-19T08:15:32Z	77.81492050550365
home-timeline-service-54d4df64f4-5hr4k	home-timeline-service	2026-08-19T08:15:47Z	77.94932006633466
home-timeline-service-54d4df64f4-5hr4k	home-timeline-service	2026-08-19T08:16:02Z	78.09874692275196
home-timeline-service-54d4df64f4-5hr4k	home-timeline-service	2026-08-19T08:16:17Z	75.15111862532444
home-timeline-service-54d4df64f4-5hr4k	home-timeline-service	2026-08-19T08:16:32Z	74.02117030240643
home-timeline-service-54d4df64f4-5hr4k	home-timeline-service	2026-08-19T08:16:47Z	72.26378109452727
home-timeline-service-54d4df64f4-5hr4k	home-timeline-service	2026-08-19T08:17:02Z	72.29681880167048
home-timeline-service-54d4df64f4-5hr4k	home-timeline-service	2026-08-19T08:17:17Z	72.60907009551065
home-timeline-service-54d4df64f4-gnq72	home-timeline-service	2026-08-19T08:07:17Z	0.00035373034540622295
home-timeline-service-54d4df64f4-gnq72	home-timeline-service	2026-08-19T08:07:32Z	0.00037962390752292995
home-timeline-service-54d4df64f4-gnq72	home-timeline-service	2026-08-19T08:07:47Z	21.734310773169316
home-timeline-service-54d4df64f4-gnq72	home-timeline-service	2026-08-19T08:08:02Z	40.777092735923915
home-timeline-service-54d4df64f4-gnq72	home-timeline-service	2026-08-19T08:08:17Z	67.1051678323173
home-timeline-service-54d4df64f4-gnq72	home-timeline-service	2026-08-19T08:08:32Z	73.04291972264649
home-timeline-service-54d4df64f4-gnq72	home-timeline-service	2026-08-19T08:08:47Z	73.15428597692672
home-timeline-service-54d4df64f4-gnq72	home-timeline-service	2026-08-19T08:09:02Z	73.44333453431722
home-timeline-service-54d4df64f4-gnq72	home-timeline-service	2026-08-19T08:09:17Z	73.65047699470499
home-timeline-service-54d4df64f4-gnq72	home-timeline-service	2026-08-19T08:09:32Z	74.43489827856091
home-timeline-service-54d4df64f4-gnq72	home-timeline-service	2026-08-19T08:09:47Z	75.49736483533471
home-timeline-service-54d4df64f4-gnq72	home-timeline-service	2026-08-19T08:10:02Z	75.63285172798243
home-timeline-service-54d4df64f4-gnq72	home-timeline-service	2026-08-19T08:10:17Z	75.11931924535715
home-timeline-service-54d4df64f4-gnq72	home-timeline-service	2026-08-19T08:10:32Z	73.14042758877106
home-timeline-service-54d4df64f4-gnq72	home-timeline-service	2026-08-19T08:10:47Z	72.03636760013458
home-timeline-service-54d4df64f4-gnq72	home-timeline-service	2026-08-19T08:11:02Z	57.734206673161516
home-timeline-service-54d4df64f4-gnq72	home-timeline-service	2026-08-19T08:11:17Z	73.16708352134704
home-timeline-service-54d4df64f4-gnq72	home-timeline-service	2026-08-19T08:11:32Z	73.22179819053225
home-timeline-service-54d4df64f4-gnq72	home-timeline-service	2026-08-19T08:11:47Z	72.85120047309323
home-timeline-service-54d4df64f4-gnq72	home-timeline-service	2026-08-19T08:12:02Z	73.0596603504441
home-timeline-service-54d4df64f4-gnq72	home-timeline-service	2026-08-19T08:12:17Z	74.20510063361883
home-timeline-service-54d4df64f4-gnq72	home-timeline-service	2026-08-19T08:12:32Z	63.23757615610983
home-timeline-service-54d4df64f4-gnq72	home-timeline-service	2026-08-19T08:12:47Z	74.99264672241632
home-timeline-service-54d4df64f4-gnq72	home-timeline-service	2026-08-19T08:13:02Z	75.73456643164468
home-timeline-service-54d4df64f4-gnq72	home-timeline-service	2026-08-19T08:13:17Z	63.5394489415566
home-timeline-service-54d4df64f4-gnq72	home-timeline-service	2026-08-19T08:13:32Z	76.49551692778296
home-timeline-service-54d4df64f4-gnq72	home-timeline-service	2026-08-19T08:13:47Z	75.65394836235457
home-timeline-service-54d4df64f4-gnq72	home-timeline-service	2026-08-19T08:14:02Z	75.83611619269351
home-timeline-service-54d4df64f4-gnq72	home-timeline-service	2026-08-19T08:14:17Z	75.68608695652173
home-timeline-service-54d4df64f4-gnq72	home-timeline-service	2026-08-19T08:14:32Z	77.47268331990391
home-timeline-service-54d4df64f4-gnq72	home-timeline-service	2026-08-19T08:14:47Z	78.57619191919193
home-timeline-service-54d4df64f4-gnq72	home-timeline-service	2026-08-19T08:15:02Z	78.91382181152485
home-timeline-service-54d4df64f4-gnq72	home-timeline-service	2026-08-19T08:15:17Z	78.15811540955242
home-timeline-service-54d4df64f4-gnq72	home-timeline-service	2026-08-19T08:15:32Z	76.89717350630009
home-timeline-service-54d4df64f4-gnq72	home-timeline-service	2026-08-19T08:15:47Z	76.64145907473274
home-timeline-service-54d4df64f4-gnq72	home-timeline-service	2026-08-19T08:16:02Z	77.50100494621977
home-timeline-service-54d4df64f4-gnq72	home-timeline-service	2026-08-19T08:16:17Z	64.82937505041927
home-timeline-service-54d4df64f4-gnq72	home-timeline-service	2026-08-19T08:16:32Z	79.11677648021106
home-timeline-service-54d4df64f4-gnq72	home-timeline-service	2026-08-19T08:16:47Z	79.39564178595074
home-timeline-service-54d4df64f4-gnq72	home-timeline-service	2026-08-19T08:17:02Z	79.89703922591134
home-timeline-service-54d4df64f4-gnq72	home-timeline-service	2026-08-19T08:17:17Z	80.41802020921072
nginx-thrift-59db6f7455-2jm86	nginx-thrift	2026-08-19T08:07:17Z	0.009985237464199591
nginx-thrift-59db6f7455-2jm86	nginx-thrift	2026-08-19T08:07:32Z	6.7509420076542215
nginx-thrift-59db6f7455-2jm86	nginx-thrift	2026-08-19T08:07:47Z	57.454210686492544
nginx-thrift-59db6f7455-2jm86	nginx-thrift	2026-08-19T08:08:02Z	109.10956468417265
nginx-thrift-59db6f7455-2jm86	nginx-thrift	2026-08-19T08:08:17Z	142.45422543892172
nginx-thrift-59db6f7455-2jm86	nginx-thrift	2026-08-19T08:08:32Z	179.9961578947364
nginx-thrift-59db6f7455-2jm86	nginx-thrift	2026-08-19T08:08:47Z	183.6915273400836
nginx-thrift-59db6f7455-2jm86	nginx-thrift	2026-08-19T08:09:02Z	148.8936874890939
nginx-thrift-59db6f7455-2jm86	nginx-thrift	2026-08-19T08:09:17Z	181.33679186617894
nginx-thrift-59db6f7455-2jm86	nginx-thrift	2026-08-19T08:09:32Z	178.12426053943778
nginx-thrift-59db6f7455-2jm86	nginx-thrift	2026-08-19T08:09:47Z	156.22988260827685
nginx-thrift-59db6f7455-2jm86	nginx-thrift	2026-08-19T08:10:02Z	184.3402716549501
nginx-thrift-59db6f7455-2jm86	nginx-thrift	2026-08-19T08:10:17Z	183.21067942415834
nginx-thrift-59db6f7455-2jm86	nginx-thrift	2026-08-19T08:10:32Z	155.0509227882218
nginx-thrift-59db6f7455-2jm86	nginx-thrift	2026-08-19T08:10:47Z	178.41994053037084
nginx-thrift-59db6f7455-2jm86	nginx-thrift	2026-08-19T08:11:02Z	183.47835298709293
nginx-thrift-59db6f7455-2jm86	nginx-thrift	2026-08-19T08:11:17Z	182.1546881956622
nginx-thrift-59db6f7455-2jm86	nginx-thrift	2026-08-19T08:11:32Z	181.62175291883818
nginx-thrift-59db6f7455-2jm86	nginx-thrift	2026-08-19T08:11:47Z	181.63110571557283
nginx-thrift-59db6f7455-2jm86	nginx-thrift	2026-08-19T08:12:02Z	183.8038823786002
nginx-thrift-59db6f7455-2jm86	nginx-thrift	2026-08-19T08:12:17Z	185.0647665745333
nginx-thrift-59db6f7455-2jm86	nginx-thrift	2026-08-19T08:12:32Z	185.42492906245235
nginx-thrift-59db6f7455-2jm86	nginx-thrift	2026-08-19T08:12:47Z	182.84916584667832
nginx-thrift-59db6f7455-2jm86	nginx-thrift	2026-08-19T08:13:02Z	154.72769014776543
nginx-thrift-59db6f7455-2jm86	nginx-thrift	2026-08-19T08:13:17Z	149.20482586225432
nginx-thrift-59db6f7455-2jm86	nginx-thrift	2026-08-19T08:13:32Z	179.0109283652765
nginx-thrift-59db6f7455-2jm86	nginx-thrift	2026-08-19T08:13:47Z	180.73488987219974
nginx-thrift-59db6f7455-2jm86	nginx-thrift	2026-08-19T08:14:02Z	181.64770814091463
nginx-thrift-59db6f7455-2jm86	nginx-thrift	2026-08-19T08:14:17Z	179.35947976451408
nginx-thrift-59db6f7455-2jm86	nginx-thrift	2026-08-19T08:14:32Z	179.13199866755144
nginx-thrift-59db6f7455-2jm86	nginx-thrift	2026-08-19T08:14:47Z	181.00162864579426
nginx-thrift-59db6f7455-2jm86	nginx-thrift	2026-08-19T08:15:02Z	182.74012869038654
nginx-thrift-59db6f7455-2jm86	nginx-thrift	2026-08-19T08:15:17Z	181.61605614645248
nginx-thrift-59db6f7455-2jm86	nginx-thrift	2026-08-19T08:15:32Z	179.51604762040947
nginx-thrift-59db6f7455-2jm86	nginx-thrift	2026-08-19T08:15:47Z	181.52769371442042
nginx-thrift-59db6f7455-2jm86	nginx-thrift	2026-08-19T08:16:02Z	186.96919623045224
nginx-thrift-59db6f7455-2jm86	nginx-thrift	2026-08-19T08:16:17Z	183.90555740735422
nginx-thrift-59db6f7455-2jm86	nginx-thrift	2026-08-19T08:16:32Z	181.7194944277327
nginx-thrift-59db6f7455-2jm86	nginx-thrift	2026-08-19T08:16:47Z	178.8872103021847
nginx-thrift-59db6f7455-2jm86	nginx-thrift	2026-08-19T08:17:02Z	182.241686147062
nginx-thrift-59db6f7455-2jm86	nginx-thrift	2026-08-19T08:17:17Z	185.86361262148134
nginx-thrift-59db6f7455-6mgch	nginx-thrift	2026-08-19T08:07:17Z	0.012367998020373883
nginx-thrift-59db6f7455-6mgch	nginx-thrift	2026-08-19T08:07:32Z	0.012250191447522527
nginx-thrift-59db6f7455-6mgch	nginx-thrift	2026-08-19T08:07:47Z	20.397336876784173
nginx-thrift-59db6f7455-6mgch	nginx-thrift	2026-08-19T08:08:02Z	63.97189158453392
nginx-thrift-59db6f7455-6mgch	nginx-thrift	2026-08-19T08:08:17Z	107.36294207282506
nginx-thrift-59db6f7455-6mgch	nginx-thrift	2026-08-19T08:08:32Z	124.62029698620421
nginx-thrift-59db6f7455-6mgch	nginx-thrift	2026-08-19T08:08:47Z	126.30186574509511
nginx-thrift-59db6f7455-6mgch	nginx-thrift	2026-08-19T08:09:02Z	125.82230423897008
nginx-thrift-59db6f7455-6mgch	nginx-thrift	2026-08-19T08:09:17Z	124.85491864249103
nginx-thrift-59db6f7455-6mgch	nginx-thrift	2026-08-19T08:09:32Z	124.05145677021206
nginx-thrift-59db6f7455-6mgch	nginx-thrift	2026-08-19T08:09:47Z	125.90139018669444
nginx-thrift-59db6f7455-6mgch	nginx-thrift	2026-08-19T08:10:02Z	126.95814503167455
nginx-thrift-59db6f7455-6mgch	nginx-thrift	2026-08-19T08:10:17Z	129.5370705620423
nginx-thrift-59db6f7455-6mgch	nginx-thrift	2026-08-19T08:10:32Z	123.27161734382473
nginx-thrift-59db6f7455-6mgch	nginx-thrift	2026-08-19T08:10:47Z	97.650530139441
nginx-thrift-59db6f7455-6mgch	nginx-thrift	2026-08-19T08:11:02Z	120.99052015891638
nginx-thrift-59db6f7455-6mgch	nginx-thrift	2026-08-19T08:11:17Z	124.090831698632
nginx-thrift-59db6f7455-6mgch	nginx-thrift	2026-08-19T08:11:32Z	126.60344693508507
nginx-thrift-59db6f7455-6mgch	nginx-thrift	2026-08-19T08:11:47Z	125.93762676892514
nginx-thrift-59db6f7455-6mgch	nginx-thrift	2026-08-19T08:12:02Z	126.6260961258074
nginx-thrift-59db6f7455-6mgch	nginx-thrift	2026-08-19T08:12:17Z	124.83087505105024
nginx-thrift-59db6f7455-6mgch	nginx-thrift	2026-08-19T08:12:32Z	102.02611890089666
nginx-thrift-59db6f7455-6mgch	nginx-thrift	2026-08-19T08:12:47Z	125.36706985399204
nginx-thrift-59db6f7455-6mgch	nginx-thrift	2026-08-19T08:13:02Z	125.16998641360404
nginx-thrift-59db6f7455-6mgch	nginx-thrift	2026-08-19T08:13:17Z	123.87807448076929
nginx-thrift-59db6f7455-6mgch	nginx-thrift	2026-08-19T08:13:32Z	123.00887067552438
nginx-thrift-59db6f7455-6mgch	nginx-thrift	2026-08-19T08:13:47Z	104.52533475895238
nginx-thrift-59db6f7455-6mgch	nginx-thrift	2026-08-19T08:14:02Z	124.75123726910122
nginx-thrift-59db6f7455-6mgch	nginx-thrift	2026-08-19T08:14:17Z	126.8832077891586
nginx-thrift-59db6f7455-6mgch	nginx-thrift	2026-08-19T08:14:32Z	103.46196623790567
nginx-thrift-59db6f7455-6mgch	nginx-thrift	2026-08-19T08:14:47Z	127.17606273609647
nginx-thrift-59db6f7455-6mgch	nginx-thrift	2026-08-19T08:15:02Z	127.62550286955903
nginx-thrift-59db6f7455-6mgch	nginx-thrift	2026-08-19T08:15:17Z	127.19961379794704
nginx-thrift-59db6f7455-6mgch	nginx-thrift	2026-08-19T08:15:32Z	98.0309723313574
nginx-thrift-59db6f7455-6mgch	nginx-thrift	2026-08-19T08:15:47Z	124.93735652431948
nginx-thrift-59db6f7455-6mgch	nginx-thrift	2026-08-19T08:16:02Z	125.26028491171812
nginx-thrift-59db6f7455-6mgch	nginx-thrift	2026-08-19T08:16:17Z	126.47070476113402
nginx-thrift-59db6f7455-6mgch	nginx-thrift	2026-08-19T08:16:32Z	127.34951177944889
nginx-thrift-59db6f7455-6mgch	nginx-thrift	2026-08-19T08:16:47Z	127.16192409938543
nginx-thrift-59db6f7455-6mgch	nginx-thrift	2026-08-19T08:17:02Z	124.54376357655707
nginx-thrift-59db6f7455-6mgch	nginx-thrift	2026-08-19T08:17:17Z	123.89749780316272
nginx-thrift-59db6f7455-7j6j5	nginx-thrift	2026-08-19T08:07:17Z	0.012015656542638585
nginx-thrift-59db6f7455-7j6j5	nginx-thrift	2026-08-19T08:07:32Z	1.4421855229280733
nginx-thrift-59db6f7455-7j6j5	nginx-thrift	2026-08-19T08:07:47Z	1.9340133063687839
nginx-thrift-59db6f7455-7j6j5	nginx-thrift	2026-08-19T08:08:02Z	84.34831500923072
nginx-thrift-59db6f7455-7j6j5	nginx-thrift	2026-08-19T08:08:17Z	176.21266794625788
nginx-thrift-59db6f7455-7j6j5	nginx-thrift	2026-08-19T08:08:32Z	151.16417564894354
nginx-thrift-59db6f7455-7j6j5	nginx-thrift	2026-08-19T08:08:47Z	175.73690800892552
nginx-thrift-59db6f7455-7j6j5	nginx-thrift	2026-08-19T08:09:02Z	140.77007360826605
nginx-thrift-59db6f7455-7j6j5	nginx-thrift	2026-08-19T08:09:17Z	175.2074598699479
nginx-thrift-59db6f7455-7j6j5	nginx-thrift	2026-08-19T08:09:32Z	177.54235526829143
nginx-thrift-59db6f7455-7j6j5	nginx-thrift	2026-08-19T08:09:47Z	174.5438779606619
nginx-thrift-59db6f7455-7j6j5	nginx-thrift	2026-08-19T08:10:02Z	174.5231745204098
nginx-thrift-59db6f7455-7j6j5	nginx-thrift	2026-08-19T08:10:17Z	173.29579938517043
nginx-thrift-59db6f7455-7j6j5	nginx-thrift	2026-08-19T08:10:32Z	173.8476521118081
nginx-thrift-59db6f7455-7j6j5	nginx-thrift	2026-08-19T08:10:47Z	173.13319542185712
nginx-thrift-59db6f7455-7j6j5	nginx-thrift	2026-08-19T08:11:02Z	174.61245901639475
nginx-thrift-59db6f7455-7j6j5	nginx-thrift	2026-08-19T08:11:17Z	176.72230340010515
nginx-thrift-59db6f7455-7j6j5	nginx-thrift	2026-08-19T08:11:32Z	177.45615579480415
nginx-thrift-59db6f7455-7j6j5	nginx-thrift	2026-08-19T08:11:47Z	175.21138193018157
nginx-thrift-59db6f7455-7j6j5	nginx-thrift	2026-08-19T08:12:02Z	175.52153802122058
nginx-thrift-59db6f7455-7j6j5	nginx-thrift	2026-08-19T08:12:17Z	177.20672487745082
nginx-thrift-59db6f7455-7j6j5	nginx-thrift	2026-08-19T08:12:32Z	178.24004775188033
nginx-thrift-59db6f7455-7j6j5	nginx-thrift	2026-08-19T08:12:47Z	174.9206855533737
nginx-thrift-59db6f7455-7j6j5	nginx-thrift	2026-08-19T08:13:02Z	174.28933359238363
nginx-thrift-59db6f7455-7j6j5	nginx-thrift	2026-08-19T08:13:17Z	174.32754595780187
nginx-thrift-59db6f7455-7j6j5	nginx-thrift	2026-08-19T08:13:32Z	149.7900727149522
nginx-thrift-59db6f7455-7j6j5	nginx-thrift	2026-08-19T08:13:47Z	174.400541586917
nginx-thrift-59db6f7455-7j6j5	nginx-thrift	2026-08-19T08:14:02Z	173.37731670229604
nginx-thrift-59db6f7455-7j6j5	nginx-thrift	2026-08-19T08:14:17Z	173.82313392076802
nginx-thrift-59db6f7455-7j6j5	nginx-thrift	2026-08-19T08:14:32Z	171.85572088804463
nginx-thrift-59db6f7455-7j6j5	nginx-thrift	2026-08-19T08:14:47Z	176.9069351437773
nginx-thrift-59db6f7455-7j6j5	nginx-thrift	2026-08-19T08:15:02Z	176.69877822954277
nginx-thrift-59db6f7455-7j6j5	nginx-thrift	2026-08-19T08:15:17Z	177.89164089553685
nginx-thrift-59db6f7455-7j6j5	nginx-thrift	2026-08-19T08:15:32Z	174.9703716109025
nginx-thrift-59db6f7455-7j6j5	nginx-thrift	2026-08-19T08:15:47Z	174.71729143656097
nginx-thrift-59db6f7455-7j6j5	nginx-thrift	2026-08-19T08:16:02Z	177.30810657274583
nginx-thrift-59db6f7455-7j6j5	nginx-thrift	2026-08-19T08:16:17Z	174.60588920177383
nginx-thrift-59db6f7455-7j6j5	nginx-thrift	2026-08-19T08:16:32Z	142.41432819092935
nginx-thrift-59db6f7455-7j6j5	nginx-thrift	2026-08-19T08:16:47Z	172.2390013688257
nginx-thrift-59db6f7455-7j6j5	nginx-thrift	2026-08-19T08:17:02Z	171.7021920118051
nginx-thrift-59db6f7455-7j6j5	nginx-thrift	2026-08-19T08:17:17Z	172.50338134640714
nginx-thrift-59db6f7455-c9zdc	nginx-thrift	2026-08-19T08:07:17Z	0.013006209667707304
nginx-thrift-59db6f7455-c9zdc	nginx-thrift	2026-08-19T08:07:32Z	0.012713777020311401
nginx-thrift-59db6f7455-c9zdc	nginx-thrift	2026-08-19T08:07:47Z	40.05495455031386
nginx-thrift-59db6f7455-c9zdc	nginx-thrift	2026-08-19T08:08:02Z	80.77090982630304
nginx-thrift-59db6f7455-c9zdc	nginx-thrift	2026-08-19T08:08:17Z	133.03265422178387
nginx-thrift-59db6f7455-c9zdc	nginx-thrift	2026-08-19T08:08:32Z	165.9018610825844
nginx-thrift-59db6f7455-c9zdc	nginx-thrift	2026-08-19T08:08:47Z	166.03427382392852
nginx-thrift-59db6f7455-c9zdc	nginx-thrift	2026-08-19T08:09:02Z	164.93121488884935
nginx-thrift-59db6f7455-c9zdc	nginx-thrift	2026-08-19T08:09:17Z	164.576610439633
nginx-thrift-59db6f7455-c9zdc	nginx-thrift	2026-08-19T08:09:32Z	164.1861393258418
nginx-thrift-59db6f7455-c9zdc	nginx-thrift	2026-08-19T08:09:47Z	132.2559511384285
nginx-thrift-59db6f7455-c9zdc	nginx-thrift	2026-08-19T08:10:02Z	166.97448927533586
nginx-thrift-59db6f7455-c9zdc	nginx-thrift	2026-08-19T08:10:17Z	164.47739187418222
nginx-thrift-59db6f7455-c9zdc	nginx-thrift	2026-08-19T08:10:32Z	135.72684407248732
nginx-thrift-59db6f7455-c9zdc	nginx-thrift	2026-08-19T08:10:47Z	162.62689208959424
nginx-thrift-59db6f7455-c9zdc	nginx-thrift	2026-08-19T08:11:02Z	164.05817904649535
nginx-thrift-59db6f7455-c9zdc	nginx-thrift	2026-08-19T08:11:17Z	164.9953032749321
nginx-thrift-59db6f7455-c9zdc	nginx-thrift	2026-08-19T08:11:32Z	164.963865304359
nginx-thrift-59db6f7455-c9zdc	nginx-thrift	2026-08-19T08:11:47Z	164.87700882673857
nginx-thrift-59db6f7455-c9zdc	nginx-thrift	2026-08-19T08:12:02Z	163.07998156890193
nginx-thrift-59db6f7455-c9zdc	nginx-thrift	2026-08-19T08:12:17Z	161.6319000273644
nginx-thrift-59db6f7455-c9zdc	nginx-thrift	2026-08-19T08:12:32Z	161.2823453737775
nginx-thrift-59db6f7455-c9zdc	nginx-thrift	2026-08-19T08:12:47Z	160.14485527257943
nginx-thrift-59db6f7455-c9zdc	nginx-thrift	2026-08-19T08:13:02Z	163.43616791696763
nginx-thrift-59db6f7455-c9zdc	nginx-thrift	2026-08-19T08:13:17Z	165.01999543431037
nginx-thrift-59db6f7455-c9zdc	nginx-thrift	2026-08-19T08:13:32Z	166.3044304578551
nginx-thrift-59db6f7455-c9zdc	nginx-thrift	2026-08-19T08:13:47Z	166.5979813176456
nginx-thrift-59db6f7455-c9zdc	nginx-thrift	2026-08-19T08:14:02Z	164.97893846614951
nginx-thrift-59db6f7455-c9zdc	nginx-thrift	2026-08-19T08:14:17Z	167.53815230638295
nginx-thrift-59db6f7455-c9zdc	nginx-thrift	2026-08-19T08:14:32Z	168.02738255033634
nginx-thrift-59db6f7455-c9zdc	nginx-thrift	2026-08-19T08:14:47Z	168.7809467122634
nginx-thrift-59db6f7455-c9zdc	nginx-thrift	2026-08-19T08:15:02Z	165.80858435654596
nginx-thrift-59db6f7455-c9zdc	nginx-thrift	2026-08-19T08:15:17Z	164.14555578854063
nginx-thrift-59db6f7455-c9zdc	nginx-thrift	2026-08-19T08:15:32Z	163.81414830360475
nginx-thrift-59db6f7455-c9zdc	nginx-thrift	2026-08-19T08:15:47Z	165.44055134859434
nginx-thrift-59db6f7455-c9zdc	nginx-thrift	2026-08-19T08:16:02Z	166.2196216138762
nginx-thrift-59db6f7455-c9zdc	nginx-thrift	2026-08-19T08:16:17Z	166.67935022465625
nginx-thrift-59db6f7455-c9zdc	nginx-thrift	2026-08-19T08:16:32Z	164.6231921078084
nginx-thrift-59db6f7455-c9zdc	nginx-thrift	2026-08-19T08:16:47Z	135.99657549842647
nginx-thrift-59db6f7455-c9zdc	nginx-thrift	2026-08-19T08:17:02Z	163.01376282483054
nginx-thrift-59db6f7455-c9zdc	nginx-thrift	2026-08-19T08:17:17Z	163.54838650419742
nginx-thrift-59db6f7455-fr5vt	nginx-thrift	2026-08-19T08:07:17Z	0.010481011205027188
nginx-thrift-59db6f7455-fr5vt	nginx-thrift	2026-08-19T08:07:32Z	0.011898130663324182
nginx-thrift-59db6f7455-fr5vt	nginx-thrift	2026-08-19T08:07:47Z	21.06052759274947
nginx-thrift-59db6f7455-fr5vt	nginx-thrift	2026-08-19T08:08:02Z	73.33840766025355
nginx-thrift-59db6f7455-fr5vt	nginx-thrift	2026-08-19T08:08:17Z	123.83467848582544
nginx-thrift-59db6f7455-fr5vt	nginx-thrift	2026-08-19T08:08:32Z	169.1863620539583
nginx-thrift-59db6f7455-fr5vt	nginx-thrift	2026-08-19T08:08:47Z	173.02597043153327
nginx-thrift-59db6f7455-fr5vt	nginx-thrift	2026-08-19T08:09:02Z	171.48902759810358
nginx-thrift-59db6f7455-fr5vt	nginx-thrift	2026-08-19T08:09:17Z	170.61627782768164
nginx-thrift-59db6f7455-fr5vt	nginx-thrift	2026-08-19T08:09:32Z	171.24482316322306
nginx-thrift-59db6f7455-fr5vt	nginx-thrift	2026-08-19T08:09:47Z	174.15155630377802
nginx-thrift-59db6f7455-fr5vt	nginx-thrift	2026-08-19T08:10:02Z	173.29287790697654
nginx-thrift-59db6f7455-fr5vt	nginx-thrift	2026-08-19T08:10:17Z	171.280561337655
nginx-thrift-59db6f7455-fr5vt	nginx-thrift	2026-08-19T08:10:32Z	169.0868785306062
nginx-thrift-59db6f7455-fr5vt	nginx-thrift	2026-08-19T08:10:47Z	166.49236018394907
nginx-thrift-59db6f7455-fr5vt	nginx-thrift	2026-08-19T08:11:02Z	167.31373509566612
nginx-thrift-59db6f7455-fr5vt	nginx-thrift	2026-08-19T08:11:17Z	171.2459055005031
nginx-thrift-59db6f7455-fr5vt	nginx-thrift	2026-08-19T08:11:32Z	170.6731319839347
nginx-thrift-59db6f7455-fr5vt	nginx-thrift	2026-08-19T08:11:47Z	168.98243498083067
nginx-thrift-59db6f7455-fr5vt	nginx-thrift	2026-08-19T08:12:02Z	166.9097130772254
nginx-thrift-59db6f7455-fr5vt	nginx-thrift	2026-08-19T08:12:17Z	166.05320696495534
nginx-thrift-59db6f7455-fr5vt	nginx-thrift	2026-08-19T08:12:32Z	166.34438539694204
nginx-thrift-59db6f7455-fr5vt	nginx-thrift	2026-08-19T08:12:47Z	165.6724765941595
nginx-thrift-59db6f7455-fr5vt	nginx-thrift	2026-08-19T08:13:02Z	167.15200386286816
nginx-thrift-59db6f7455-fr5vt	nginx-thrift	2026-08-19T08:13:17Z	169.09303924564327
nginx-thrift-59db6f7455-fr5vt	nginx-thrift	2026-08-19T08:13:32Z	168.33490928454563
nginx-thrift-59db6f7455-fr5vt	nginx-thrift	2026-08-19T08:13:47Z	168.33831606869433
nginx-thrift-59db6f7455-fr5vt	nginx-thrift	2026-08-19T08:14:02Z	167.50980883593002
nginx-thrift-59db6f7455-fr5vt	nginx-thrift	2026-08-19T08:14:17Z	170.5158998079449
nginx-thrift-59db6f7455-fr5vt	nginx-thrift	2026-08-19T08:14:32Z	170.7400781319355
nginx-thrift-59db6f7455-fr5vt	nginx-thrift	2026-08-19T08:14:47Z	172.27764881445572
nginx-thrift-59db6f7455-fr5vt	nginx-thrift	2026-08-19T08:15:02Z	171.7298597546692
nginx-thrift-59db6f7455-fr5vt	nginx-thrift	2026-08-19T08:15:17Z	171.45100369956893
nginx-thrift-59db6f7455-fr5vt	nginx-thrift	2026-08-19T08:15:32Z	170.29491490459455
nginx-thrift-59db6f7455-fr5vt	nginx-thrift	2026-08-19T08:15:47Z	145.96227798273458
nginx-thrift-59db6f7455-fr5vt	nginx-thrift	2026-08-19T08:16:02Z	148.0331249888511
nginx-thrift-59db6f7455-fr5vt	nginx-thrift	2026-08-19T08:16:17Z	170.384156712137
nginx-thrift-59db6f7455-fr5vt	nginx-thrift	2026-08-19T08:16:32Z	169.31768451580461
nginx-thrift-59db6f7455-fr5vt	nginx-thrift	2026-08-19T08:16:47Z	169.2445281223976
nginx-thrift-59db6f7455-fr5vt	nginx-thrift	2026-08-19T08:17:02Z	168.7499889012199
nginx-thrift-59db6f7455-fr5vt	nginx-thrift	2026-08-19T08:17:17Z	170.0595236779597
nginx-thrift-59db6f7455-gcrcd	nginx-thrift	2026-08-19T08:07:17Z	0.011195555554069059
nginx-thrift-59db6f7455-gcrcd	nginx-thrift	2026-08-19T08:07:32Z	0.01202798254751137
nginx-thrift-59db6f7455-gcrcd	nginx-thrift	2026-08-19T08:07:47Z	9.259527395971043
nginx-thrift-59db6f7455-gcrcd	nginx-thrift	2026-08-19T08:08:02Z	47.495085898665664
nginx-thrift-59db6f7455-gcrcd	nginx-thrift	2026-08-19T08:08:17Z	88.46605955478553
nginx-thrift-59db6f7455-gcrcd	nginx-thrift	2026-08-19T08:08:32Z	113.6042595278909
nginx-thrift-59db6f7455-gcrcd	nginx-thrift	2026-08-19T08:08:47Z	113.92736171745051
nginx-thrift-59db6f7455-gcrcd	nginx-thrift	2026-08-19T08:09:02Z	111.71323279211967
nginx-thrift-59db6f7455-gcrcd	nginx-thrift	2026-08-19T08:09:17Z	112.05766319276975
nginx-thrift-59db6f7455-gcrcd	nginx-thrift	2026-08-19T08:09:32Z	113.63133632066756
nginx-thrift-59db6f7455-gcrcd	nginx-thrift	2026-08-19T08:09:47Z	115.81266164988683
nginx-thrift-59db6f7455-gcrcd	nginx-thrift	2026-08-19T08:10:02Z	116.07106348085622
nginx-thrift-59db6f7455-gcrcd	nginx-thrift	2026-08-19T08:10:17Z	113.988315352696
nginx-thrift-59db6f7455-gcrcd	nginx-thrift	2026-08-19T08:10:32Z	111.37760206397395
nginx-thrift-59db6f7455-gcrcd	nginx-thrift	2026-08-19T08:10:47Z	111.20914179978487
nginx-thrift-59db6f7455-gcrcd	nginx-thrift	2026-08-19T08:11:02Z	112.25578295530994
nginx-thrift-59db6f7455-gcrcd	nginx-thrift	2026-08-19T08:11:17Z	113.59520750988258
nginx-thrift-59db6f7455-gcrcd	nginx-thrift	2026-08-19T08:11:32Z	114.00885781700612
nginx-thrift-59db6f7455-gcrcd	nginx-thrift	2026-08-19T08:11:47Z	112.9529248052688
nginx-thrift-59db6f7455-gcrcd	nginx-thrift	2026-08-19T08:12:02Z	112.8468281776618
nginx-thrift-59db6f7455-gcrcd	nginx-thrift	2026-08-19T08:12:17Z	112.76228059978884
nginx-thrift-59db6f7455-gcrcd	nginx-thrift	2026-08-19T08:12:32Z	113.0800635125679
nginx-thrift-59db6f7455-gcrcd	nginx-thrift	2026-08-19T08:12:47Z	93.37622241946559
nginx-thrift-59db6f7455-gcrcd	nginx-thrift	2026-08-19T08:13:02Z	112.5191737288146
nginx-thrift-59db6f7455-gcrcd	nginx-thrift	2026-08-19T08:13:17Z	113.90520267122082
nginx-thrift-59db6f7455-gcrcd	nginx-thrift	2026-08-19T08:13:32Z	112.90056491496165
nginx-thrift-59db6f7455-gcrcd	nginx-thrift	2026-08-19T08:13:47Z	114.9630096679275
nginx-thrift-59db6f7455-gcrcd	nginx-thrift	2026-08-19T08:14:02Z	114.414664586584
nginx-thrift-59db6f7455-gcrcd	nginx-thrift	2026-08-19T08:14:17Z	114.79117474569698
nginx-thrift-59db6f7455-gcrcd	nginx-thrift	2026-08-19T08:14:32Z	112.52654636688186
nginx-thrift-59db6f7455-gcrcd	nginx-thrift	2026-08-19T08:14:47Z	111.50288061148923
nginx-thrift-59db6f7455-gcrcd	nginx-thrift	2026-08-19T08:15:02Z	111.8294003331474
nginx-thrift-59db6f7455-gcrcd	nginx-thrift	2026-08-19T08:15:17Z	90.47651218668305
nginx-thrift-59db6f7455-gcrcd	nginx-thrift	2026-08-19T08:15:32Z	111.23845002494565
nginx-thrift-59db6f7455-gcrcd	nginx-thrift	2026-08-19T08:15:47Z	112.51853982659486
nginx-thrift-59db6f7455-gcrcd	nginx-thrift	2026-08-19T08:16:02Z	113.0980536733048
nginx-thrift-59db6f7455-gcrcd	nginx-thrift	2026-08-19T08:16:17Z	113.63560992102781
nginx-thrift-59db6f7455-gcrcd	nginx-thrift	2026-08-19T08:16:32Z	112.3519017824514
nginx-thrift-59db6f7455-gcrcd	nginx-thrift	2026-08-19T08:16:47Z	113.54278734893366
nginx-thrift-59db6f7455-gcrcd	nginx-thrift	2026-08-19T08:17:02Z	112.43517348696781
nginx-thrift-59db6f7455-gcrcd	nginx-thrift	2026-08-19T08:17:17Z	113.32451143633351
nginx-thrift-59db6f7455-jxw8d	nginx-thrift	2026-08-19T08:07:17Z	0.01241901190360678
nginx-thrift-59db6f7455-jxw8d	nginx-thrift	2026-08-19T08:07:32Z	0.012353253301339902
nginx-thrift-59db6f7455-jxw8d	nginx-thrift	2026-08-19T08:07:47Z	27.966694003075602
nginx-thrift-59db6f7455-jxw8d	nginx-thrift	2026-08-19T08:08:02Z	102.17563730042095
nginx-thrift-59db6f7455-jxw8d	nginx-thrift	2026-08-19T08:08:17Z	135.08106757365738
nginx-thrift-59db6f7455-jxw8d	nginx-thrift	2026-08-19T08:08:32Z	166.75479101337743
nginx-thrift-59db6f7455-jxw8d	nginx-thrift	2026-08-19T08:08:47Z	167.5583374093096
nginx-thrift-59db6f7455-jxw8d	nginx-thrift	2026-08-19T08:09:02Z	169.41406392316236
nginx-thrift-59db6f7455-jxw8d	nginx-thrift	2026-08-19T08:09:17Z	169.5552781329096
nginx-thrift-59db6f7455-jxw8d	nginx-thrift	2026-08-19T08:09:32Z	171.16854460991465
nginx-thrift-59db6f7455-jxw8d	nginx-thrift	2026-08-19T08:09:47Z	143.66219983625868
nginx-thrift-59db6f7455-jxw8d	nginx-thrift	2026-08-19T08:10:02Z	150.5914359647525
nginx-thrift-59db6f7455-jxw8d	nginx-thrift	2026-08-19T08:10:17Z	171.1503357544194
nginx-thrift-59db6f7455-jxw8d	nginx-thrift	2026-08-19T08:10:32Z	165.8969154823313
nginx-thrift-59db6f7455-jxw8d	nginx-thrift	2026-08-19T08:10:47Z	166.25954737075915
nginx-thrift-59db6f7455-jxw8d	nginx-thrift	2026-08-19T08:11:02Z	168.0339481146958
nginx-thrift-59db6f7455-jxw8d	nginx-thrift	2026-08-19T08:11:17Z	168.23160192408807
nginx-thrift-59db6f7455-jxw8d	nginx-thrift	2026-08-19T08:11:32Z	168.1504240052177
nginx-thrift-59db6f7455-jxw8d	nginx-thrift	2026-08-19T08:11:47Z	169.2941614242845
nginx-thrift-59db6f7455-jxw8d	nginx-thrift	2026-08-19T08:12:02Z	170.1985244713792
nginx-thrift-59db6f7455-jxw8d	nginx-thrift	2026-08-19T08:12:17Z	171.05968208393313
nginx-thrift-59db6f7455-jxw8d	nginx-thrift	2026-08-19T08:12:32Z	168.89363216506194
nginx-thrift-59db6f7455-jxw8d	nginx-thrift	2026-08-19T08:12:47Z	167.35024721485138
nginx-thrift-59db6f7455-jxw8d	nginx-thrift	2026-08-19T08:13:02Z	166.35888822368247
nginx-thrift-59db6f7455-jxw8d	nginx-thrift	2026-08-19T08:13:17Z	166.875975754953
nginx-thrift-59db6f7455-jxw8d	nginx-thrift	2026-08-19T08:13:32Z	167.5695368220304
nginx-thrift-59db6f7455-jxw8d	nginx-thrift	2026-08-19T08:13:47Z	140.17478369235045
nginx-thrift-59db6f7455-jxw8d	nginx-thrift	2026-08-19T08:14:02Z	171.2177348777359
nginx-thrift-59db6f7455-jxw8d	nginx-thrift	2026-08-19T08:14:17Z	141.00542647952793
nginx-thrift-59db6f7455-jxw8d	nginx-thrift	2026-08-19T08:14:32Z	172.70288814747644
nginx-thrift-59db6f7455-jxw8d	nginx-thrift	2026-08-19T08:14:47Z	171.65475160376013
nginx-thrift-59db6f7455-jxw8d	nginx-thrift	2026-08-19T08:15:02Z	170.32003466983167
nginx-thrift-59db6f7455-jxw8d	nginx-thrift	2026-08-19T08:15:17Z	170.00647103842792
nginx-thrift-59db6f7455-jxw8d	nginx-thrift	2026-08-19T08:15:32Z	169.90985763741588
nginx-thrift-59db6f7455-jxw8d	nginx-thrift	2026-08-19T08:15:47Z	169.58717252358696
nginx-thrift-59db6f7455-jxw8d	nginx-thrift	2026-08-19T08:16:02Z	171.28567944422457
nginx-thrift-59db6f7455-jxw8d	nginx-thrift	2026-08-19T08:16:17Z	173.50970647097924
nginx-thrift-59db6f7455-jxw8d	nginx-thrift	2026-08-19T08:16:32Z	172.71937450388623
nginx-thrift-59db6f7455-jxw8d	nginx-thrift	2026-08-19T08:16:47Z	170.96737245207927
nginx-thrift-59db6f7455-jxw8d	nginx-thrift	2026-08-19T08:17:02Z	168.15108389106445
nginx-thrift-59db6f7455-jxw8d	nginx-thrift	2026-08-19T08:17:17Z	168.90363564164292
nginx-thrift-59db6f7455-l4ldc	nginx-thrift	2026-08-19T08:07:17Z	0.013150507070630717
nginx-thrift-59db6f7455-l4ldc	nginx-thrift	2026-08-19T08:07:32Z	0.013589505354659455
nginx-thrift-59db6f7455-l4ldc	nginx-thrift	2026-08-19T08:07:47Z	56.04528066063978
nginx-thrift-59db6f7455-l4ldc	nginx-thrift	2026-08-19T08:08:02Z	132.00158072754823
nginx-thrift-59db6f7455-l4ldc	nginx-thrift	2026-08-19T08:08:17Z	196.8888367588499
nginx-thrift-59db6f7455-l4ldc	nginx-thrift	2026-08-19T08:08:32Z	200.73254203459507
nginx-thrift-59db6f7455-l4ldc	nginx-thrift	2026-08-19T08:08:47Z	197.7482725991967
nginx-thrift-59db6f7455-l4ldc	nginx-thrift	2026-08-19T08:09:02Z	198.8121605282738
nginx-thrift-59db6f7455-l4ldc	nginx-thrift	2026-08-19T08:09:17Z	168.45417266368824
nginx-thrift-59db6f7455-l4ldc	nginx-thrift	2026-08-19T08:09:32Z	199.95359837712817
nginx-thrift-59db6f7455-l4ldc	nginx-thrift	2026-08-19T08:09:47Z	200.4192568809585
nginx-thrift-59db6f7455-l4ldc	nginx-thrift	2026-08-19T08:10:02Z	203.2754476954709
nginx-thrift-59db6f7455-l4ldc	nginx-thrift	2026-08-19T08:10:17Z	198.56932360857778
nginx-thrift-59db6f7455-l4ldc	nginx-thrift	2026-08-19T08:10:32Z	197.54245701235817
nginx-thrift-59db6f7455-l4ldc	nginx-thrift	2026-08-19T08:10:47Z	193.0033504972826
nginx-thrift-59db6f7455-l4ldc	nginx-thrift	2026-08-19T08:11:02Z	195.15229175141084
nginx-thrift-59db6f7455-l4ldc	nginx-thrift	2026-08-19T08:11:17Z	197.0577814382743
nginx-thrift-59db6f7455-l4ldc	nginx-thrift	2026-08-19T08:11:32Z	200.1907160674103
nginx-thrift-59db6f7455-l4ldc	nginx-thrift	2026-08-19T08:11:47Z	198.44331549780125
nginx-thrift-59db6f7455-l4ldc	nginx-thrift	2026-08-19T08:12:02Z	199.71346597163142
nginx-thrift-59db6f7455-l4ldc	nginx-thrift	2026-08-19T08:12:17Z	196.1595205313016
nginx-thrift-59db6f7455-l4ldc	nginx-thrift	2026-08-19T08:12:32Z	196.21717733427198
nginx-thrift-59db6f7455-l4ldc	nginx-thrift	2026-08-19T08:12:47Z	195.89685635245502
nginx-thrift-59db6f7455-l4ldc	nginx-thrift	2026-08-19T08:13:02Z	197.92255974727547
nginx-thrift-59db6f7455-l4ldc	nginx-thrift	2026-08-19T08:13:17Z	200.01800635986288
nginx-thrift-59db6f7455-l4ldc	nginx-thrift	2026-08-19T08:13:32Z	200.2208006814334
nginx-thrift-59db6f7455-l4ldc	nginx-thrift	2026-08-19T08:13:47Z	175.20361739041718
nginx-thrift-59db6f7455-l4ldc	nginx-thrift	2026-08-19T08:14:02Z	198.89471191591784
nginx-thrift-59db6f7455-l4ldc	nginx-thrift	2026-08-19T08:14:17Z	198.4413332118679
nginx-thrift-59db6f7455-l4ldc	nginx-thrift	2026-08-19T08:14:32Z	199.39815488093146
nginx-thrift-59db6f7455-l4ldc	nginx-thrift	2026-08-19T08:14:47Z	201.93634306583726
nginx-thrift-59db6f7455-l4ldc	nginx-thrift	2026-08-19T08:15:02Z	201.70062390211484
nginx-thrift-59db6f7455-l4ldc	nginx-thrift	2026-08-19T08:15:17Z	200.65183686176823
nginx-thrift-59db6f7455-l4ldc	nginx-thrift	2026-08-19T08:15:32Z	198.7035070862354
nginx-thrift-59db6f7455-l4ldc	nginx-thrift	2026-08-19T08:15:47Z	200.6898360591449
nginx-thrift-59db6f7455-l4ldc	nginx-thrift	2026-08-19T08:16:02Z	202.0994186560592
nginx-thrift-59db6f7455-l4ldc	nginx-thrift	2026-08-19T08:16:17Z	200.42294030804365
nginx-thrift-59db6f7455-l4ldc	nginx-thrift	2026-08-19T08:16:32Z	199.61249999999765
nginx-thrift-59db6f7455-l4ldc	nginx-thrift	2026-08-19T08:16:47Z	200.74518041887285
nginx-thrift-59db6f7455-l4ldc	nginx-thrift	2026-08-19T08:17:02Z	167.26934443395837
nginx-thrift-59db6f7455-l4ldc	nginx-thrift	2026-08-19T08:17:17Z	200.0658323327505
nginx-thrift-59db6f7455-lxnhf	nginx-thrift	2026-08-19T08:07:17Z	0.01225870909291839
nginx-thrift-59db6f7455-lxnhf	nginx-thrift	2026-08-19T08:07:32Z	0.01341389221054447
nginx-thrift-59db6f7455-lxnhf	nginx-thrift	2026-08-19T08:07:47Z	28.101363204057638
nginx-thrift-59db6f7455-lxnhf	nginx-thrift	2026-08-19T08:08:02Z	86.81463140367252
nginx-thrift-59db6f7455-lxnhf	nginx-thrift	2026-08-19T08:08:17Z	127.78001210123362
nginx-thrift-59db6f7455-lxnhf	nginx-thrift	2026-08-19T08:08:32Z	151.09919402514498
nginx-thrift-59db6f7455-lxnhf	nginx-thrift	2026-08-19T08:08:47Z	149.7280439493098
nginx-thrift-59db6f7455-lxnhf	nginx-thrift	2026-08-19T08:09:02Z	149.7988813020696
nginx-thrift-59db6f7455-lxnhf	nginx-thrift	2026-08-19T08:09:17Z	146.9163864004321
nginx-thrift-59db6f7455-lxnhf	nginx-thrift	2026-08-19T08:09:32Z	147.73277277403218
nginx-thrift-59db6f7455-lxnhf	nginx-thrift	2026-08-19T08:09:47Z	147.31417955586193
nginx-thrift-59db6f7455-lxnhf	nginx-thrift	2026-08-19T08:10:02Z	148.10815043540154
nginx-thrift-59db6f7455-lxnhf	nginx-thrift	2026-08-19T08:10:17Z	146.51453322873485
nginx-thrift-59db6f7455-lxnhf	nginx-thrift	2026-08-19T08:10:32Z	145.20618322073707
nginx-thrift-59db6f7455-lxnhf	nginx-thrift	2026-08-19T08:10:47Z	146.6432265267386
nginx-thrift-59db6f7455-lxnhf	nginx-thrift	2026-08-19T08:11:02Z	147.83786446765333
nginx-thrift-59db6f7455-lxnhf	nginx-thrift	2026-08-19T08:11:17Z	147.7406676255
nginx-thrift-59db6f7455-lxnhf	nginx-thrift	2026-08-19T08:11:32Z	148.1756192626345
nginx-thrift-59db6f7455-lxnhf	nginx-thrift	2026-08-19T08:11:47Z	147.4430407576523
nginx-thrift-59db6f7455-lxnhf	nginx-thrift	2026-08-19T08:12:02Z	149.1700916478638
nginx-thrift-59db6f7455-lxnhf	nginx-thrift	2026-08-19T08:12:17Z	149.18728317870125
nginx-thrift-59db6f7455-lxnhf	nginx-thrift	2026-08-19T08:12:32Z	147.18553480744703
nginx-thrift-59db6f7455-lxnhf	nginx-thrift	2026-08-19T08:12:47Z	146.18482743591946
nginx-thrift-59db6f7455-lxnhf	nginx-thrift	2026-08-19T08:13:02Z	148.07673048268342
nginx-thrift-59db6f7455-lxnhf	nginx-thrift	2026-08-19T08:13:17Z	148.92435519936396
nginx-thrift-59db6f7455-lxnhf	nginx-thrift	2026-08-19T08:13:32Z	148.83769393793813
nginx-thrift-59db6f7455-lxnhf	nginx-thrift	2026-08-19T08:13:47Z	147.99589131005627
nginx-thrift-59db6f7455-lxnhf	nginx-thrift	2026-08-19T08:14:02Z	149.0084173927962
nginx-thrift-59db6f7455-lxnhf	nginx-thrift	2026-08-19T08:14:17Z	149.4060436320769
nginx-thrift-59db6f7455-lxnhf	nginx-thrift	2026-08-19T08:14:32Z	149.10565774938613
nginx-thrift-59db6f7455-lxnhf	nginx-thrift	2026-08-19T08:14:47Z	128.70337341962016
nginx-thrift-59db6f7455-lxnhf	nginx-thrift	2026-08-19T08:15:02Z	147.13072730875874
nginx-thrift-59db6f7455-lxnhf	nginx-thrift	2026-08-19T08:15:17Z	121.18004265826224
nginx-thrift-59db6f7455-lxnhf	nginx-thrift	2026-08-19T08:15:32Z	145.28115801802758
nginx-thrift-59db6f7455-lxnhf	nginx-thrift	2026-08-19T08:15:47Z	145.71303920708928
nginx-thrift-59db6f7455-lxnhf	nginx-thrift	2026-08-19T08:16:02Z	123.33224783766926
nginx-thrift-59db6f7455-lxnhf	nginx-thrift	2026-08-19T08:16:17Z	149.63345683055712
nginx-thrift-59db6f7455-lxnhf	nginx-thrift	2026-08-19T08:16:32Z	146.9696109828441
nginx-thrift-59db6f7455-lxnhf	nginx-thrift	2026-08-19T08:16:47Z	146.55759760321965
nginx-thrift-59db6f7455-lxnhf	nginx-thrift	2026-08-19T08:17:02Z	146.2853455420915
nginx-thrift-59db6f7455-lxnhf	nginx-thrift	2026-08-19T08:17:17Z	148.5075677191177
nginx-thrift-59db6f7455-r5nsl	nginx-thrift	2026-08-19T08:07:17Z	0.0115616969481189
nginx-thrift-59db6f7455-r5nsl	nginx-thrift	2026-08-19T08:07:32Z	0.0141036830163442
nginx-thrift-59db6f7455-r5nsl	nginx-thrift	2026-08-19T08:07:47Z	50.40712721110996
nginx-thrift-59db6f7455-r5nsl	nginx-thrift	2026-08-19T08:08:02Z	121.19025391936118
nginx-thrift-59db6f7455-r5nsl	nginx-thrift	2026-08-19T08:08:17Z	187.55814214697187
nginx-thrift-59db6f7455-r5nsl	nginx-thrift	2026-08-19T08:08:32Z	198.6892585733442
nginx-thrift-59db6f7455-r5nsl	nginx-thrift	2026-08-19T08:08:47Z	198.60280341081784
nginx-thrift-59db6f7455-r5nsl	nginx-thrift	2026-08-19T08:09:02Z	195.84262350058023
nginx-thrift-59db6f7455-r5nsl	nginx-thrift	2026-08-19T08:09:17Z	195.8465023978827
nginx-thrift-59db6f7455-r5nsl	nginx-thrift	2026-08-19T08:09:32Z	197.9219340461335
nginx-thrift-59db6f7455-r5nsl	nginx-thrift	2026-08-19T08:09:47Z	201.1473328831873
nginx-thrift-59db6f7455-r5nsl	nginx-thrift	2026-08-19T08:10:02Z	202.67469480293053
nginx-thrift-59db6f7455-r5nsl	nginx-thrift	2026-08-19T08:10:17Z	197.8448999628504
nginx-thrift-59db6f7455-r5nsl	nginx-thrift	2026-08-19T08:10:32Z	193.6978209283475
nginx-thrift-59db6f7455-r5nsl	nginx-thrift	2026-08-19T08:10:47Z	196.94288441723842
nginx-thrift-59db6f7455-r5nsl	nginx-thrift	2026-08-19T08:11:02Z	198.5659105115641
nginx-thrift-59db6f7455-r5nsl	nginx-thrift	2026-08-19T08:11:17Z	198.48170541915397
nginx-thrift-59db6f7455-r5nsl	nginx-thrift	2026-08-19T08:11:32Z	196.012924626522
nginx-thrift-59db6f7455-r5nsl	nginx-thrift	2026-08-19T08:11:47Z	195.33289872722642
nginx-thrift-59db6f7455-r5nsl	nginx-thrift	2026-08-19T08:12:02Z	198.519242214902
nginx-thrift-59db6f7455-r5nsl	nginx-thrift	2026-08-19T08:12:17Z	200.4413180222348
nginx-thrift-59db6f7455-r5nsl	nginx-thrift	2026-08-19T08:12:32Z	200.9206304250373
nginx-thrift-59db6f7455-r5nsl	nginx-thrift	2026-08-19T08:12:47Z	200.2251215139824
nginx-thrift-59db6f7455-r5nsl	nginx-thrift	2026-08-19T08:13:02Z	161.3678266052711
nginx-thrift-59db6f7455-r5nsl	nginx-thrift	2026-08-19T08:13:17Z	196.05405419435365
nginx-thrift-59db6f7455-r5nsl	nginx-thrift	2026-08-19T08:13:32Z	198.8515036294483
nginx-thrift-59db6f7455-r5nsl	nginx-thrift	2026-08-19T08:13:47Z	201.20514418338456
nginx-thrift-59db6f7455-r5nsl	nginx-thrift	2026-08-19T08:14:02Z	202.21683336278426
nginx-thrift-59db6f7455-r5nsl	nginx-thrift	2026-08-19T08:14:17Z	199.95822720919372
nginx-thrift-59db6f7455-r5nsl	nginx-thrift	2026-08-19T08:14:32Z	198.62037153542158
nginx-thrift-59db6f7455-r5nsl	nginx-thrift	2026-08-19T08:14:47Z	198.1733570286117
nginx-thrift-59db6f7455-r5nsl	nginx-thrift	2026-08-19T08:15:02Z	198.3285711010233
nginx-thrift-59db6f7455-r5nsl	nginx-thrift	2026-08-19T08:15:17Z	172.16409205569767
nginx-thrift-59db6f7455-r5nsl	nginx-thrift	2026-08-19T08:15:32Z	198.8395990717458
nginx-thrift-59db6f7455-r5nsl	nginx-thrift	2026-08-19T08:15:47Z	199.82134756024578
nginx-thrift-59db6f7455-r5nsl	nginx-thrift	2026-08-19T08:16:02Z	199.19807366827058
nginx-thrift-59db6f7455-r5nsl	nginx-thrift	2026-08-19T08:16:17Z	197.55222665049095
nginx-thrift-59db6f7455-r5nsl	nginx-thrift	2026-08-19T08:16:32Z	194.01459205507265
nginx-thrift-59db6f7455-r5nsl	nginx-thrift	2026-08-19T08:16:47Z	195.43626968503727
nginx-thrift-59db6f7455-r5nsl	nginx-thrift	2026-08-19T08:17:02Z	195.88745497581698
nginx-thrift-59db6f7455-r5nsl	nginx-thrift	2026-08-19T08:17:17Z	199.0173584905666
nginx-thrift-59db6f7455-tp97n	nginx-thrift	2026-08-19T08:07:17Z	0.015689770445991364
nginx-thrift-59db6f7455-tp97n	nginx-thrift	2026-08-19T08:07:32Z	0.011766593913248856
nginx-thrift-59db6f7455-tp97n	nginx-thrift	2026-08-19T08:07:47Z	10.930130570083227
nginx-thrift-59db6f7455-tp97n	nginx-thrift	2026-08-19T08:08:02Z	47.04831404126854
nginx-thrift-59db6f7455-tp97n	nginx-thrift	2026-08-19T08:08:17Z	82.12436122167011
nginx-thrift-59db6f7455-tp97n	nginx-thrift	2026-08-19T08:08:32Z	109.38177249885787
nginx-thrift-59db6f7455-tp97n	nginx-thrift	2026-08-19T08:08:47Z	95.5597933564018
nginx-thrift-59db6f7455-tp97n	nginx-thrift	2026-08-19T08:09:02Z	108.71053270985118
nginx-thrift-59db6f7455-tp97n	nginx-thrift	2026-08-19T08:09:17Z	107.56357689512024
nginx-thrift-59db6f7455-tp97n	nginx-thrift	2026-08-19T08:09:32Z	107.44741005029306
nginx-thrift-59db6f7455-tp97n	nginx-thrift	2026-08-19T08:09:47Z	108.52955288531729
nginx-thrift-59db6f7455-tp97n	nginx-thrift	2026-08-19T08:10:02Z	109.75859553672562
nginx-thrift-59db6f7455-tp97n	nginx-thrift	2026-08-19T08:10:17Z	108.15033119310837
nginx-thrift-59db6f7455-tp97n	nginx-thrift	2026-08-19T08:10:32Z	107.12751435666547
nginx-thrift-59db6f7455-tp97n	nginx-thrift	2026-08-19T08:10:47Z	106.10312687448085
nginx-thrift-59db6f7455-tp97n	nginx-thrift	2026-08-19T08:11:02Z	107.4113836352776
nginx-thrift-59db6f7455-tp97n	nginx-thrift	2026-08-19T08:11:17Z	108.26094032873863
nginx-thrift-59db6f7455-tp97n	nginx-thrift	2026-08-19T08:11:32Z	109.26663368117846
nginx-thrift-59db6f7455-tp97n	nginx-thrift	2026-08-19T08:11:47Z	109.0754585349386
nginx-thrift-59db6f7455-tp97n	nginx-thrift	2026-08-19T08:12:02Z	108.1693676213376
nginx-thrift-59db6f7455-tp97n	nginx-thrift	2026-08-19T08:12:17Z	89.37339154486025
nginx-thrift-59db6f7455-tp97n	nginx-thrift	2026-08-19T08:12:32Z	107.32196578494386
nginx-thrift-59db6f7455-tp97n	nginx-thrift	2026-08-19T08:12:47Z	106.71635425691206
nginx-thrift-59db6f7455-tp97n	nginx-thrift	2026-08-19T08:13:02Z	107.28069658701729
nginx-thrift-59db6f7455-tp97n	nginx-thrift	2026-08-19T08:13:17Z	108.48824693503276
nginx-thrift-59db6f7455-tp97n	nginx-thrift	2026-08-19T08:13:32Z	109.35052503203944
nginx-thrift-59db6f7455-tp97n	nginx-thrift	2026-08-19T08:13:47Z	110.63857274224307
nginx-thrift-59db6f7455-tp97n	nginx-thrift	2026-08-19T08:14:02Z	108.22368753462514
nginx-thrift-59db6f7455-tp97n	nginx-thrift	2026-08-19T08:14:17Z	84.72434432690437
nginx-thrift-59db6f7455-tp97n	nginx-thrift	2026-08-19T08:14:32Z	106.38184872842358
nginx-thrift-59db6f7455-tp97n	nginx-thrift	2026-08-19T08:14:47Z	108.54950815064733
nginx-thrift-59db6f7455-tp97n	nginx-thrift	2026-08-19T08:15:02Z	93.11315296962881
nginx-thrift-59db6f7455-tp97n	nginx-thrift	2026-08-19T08:15:17Z	107.70964081277417
nginx-thrift-59db6f7455-tp97n	nginx-thrift	2026-08-19T08:15:32Z	89.55289694017429
nginx-thrift-59db6f7455-tp97n	nginx-thrift	2026-08-19T08:15:47Z	107.02151508278523
nginx-thrift-59db6f7455-tp97n	nginx-thrift	2026-08-19T08:16:02Z	108.18813890883081
nginx-thrift-59db6f7455-tp97n	nginx-thrift	2026-08-19T08:16:17Z	66.89134749999994
nginx-thrift-59db6f7455-tp97n	nginx-thrift	2026-08-19T08:16:32Z	106.55658671917001
nginx-thrift-59db6f7455-tp97n	nginx-thrift	2026-08-19T08:16:47Z	106.82086136762328
nginx-thrift-59db6f7455-tp97n	nginx-thrift	2026-08-19T08:17:02Z	107.09526065037738
nginx-thrift-59db6f7455-tp97n	nginx-thrift	2026-08-19T08:17:17Z	108.25153113406071
nginx-thrift-59db6f7455-tvx27	nginx-thrift	2026-08-19T08:07:17Z	0.01394765448263455
nginx-thrift-59db6f7455-tvx27	nginx-thrift	2026-08-19T08:07:32Z	0.7689644297247686
nginx-thrift-59db6f7455-tvx27	nginx-thrift	2026-08-19T08:07:47Z	39.5915935446886
nginx-thrift-59db6f7455-tvx27	nginx-thrift	2026-08-19T08:08:02Z	44.88849749999645
nginx-thrift-59db6f7455-tvx27	nginx-thrift	2026-08-19T08:08:17Z	81.40692233985372
nginx-thrift-59db6f7455-tvx27	nginx-thrift	2026-08-19T08:08:32Z	106.32730099362442
nginx-thrift-59db6f7455-tvx27	nginx-thrift	2026-08-19T08:08:47Z	105.30983845752611
nginx-thrift-59db6f7455-tvx27	nginx-thrift	2026-08-19T08:09:02Z	107.15140396269958
nginx-thrift-59db6f7455-tvx27	nginx-thrift	2026-08-19T08:09:17Z	107.65770011357894
nginx-thrift-59db6f7455-tvx27	nginx-thrift	2026-08-19T08:09:32Z	86.97573590153156
nginx-thrift-59db6f7455-tvx27	nginx-thrift	2026-08-19T08:09:47Z	107.99518917029363
nginx-thrift-59db6f7455-tvx27	nginx-thrift	2026-08-19T08:10:02Z	107.73641676656884
nginx-thrift-59db6f7455-tvx27	nginx-thrift	2026-08-19T08:10:17Z	90.21454864394515
nginx-thrift-59db6f7455-tvx27	nginx-thrift	2026-08-19T08:10:32Z	106.7354001878311
nginx-thrift-59db6f7455-tvx27	nginx-thrift	2026-08-19T08:10:47Z	107.74285995322657
nginx-thrift-59db6f7455-tvx27	nginx-thrift	2026-08-19T08:11:02Z	71.9139875000019
nginx-thrift-59db6f7455-tvx27	nginx-thrift	2026-08-19T08:11:17Z	107.02694967177099
nginx-thrift-59db6f7455-tvx27	nginx-thrift	2026-08-19T08:11:32Z	107.77885347338854
nginx-thrift-59db6f7455-tvx27	nginx-thrift	2026-08-19T08:11:47Z	88.3695371982591
nginx-thrift-59db6f7455-tvx27	nginx-thrift	2026-08-19T08:12:02Z	106.97593933126383
nginx-thrift-59db6f7455-tvx27	nginx-thrift	2026-08-19T08:12:17Z	105.93083457070156
nginx-thrift-59db6f7455-tvx27	nginx-thrift	2026-08-19T08:12:32Z	106.99660288725607
nginx-thrift-59db6f7455-tvx27	nginx-thrift	2026-08-19T08:12:47Z	107.88855858873379
nginx-thrift-59db6f7455-tvx27	nginx-thrift	2026-08-19T08:13:02Z	108.1956200043249
nginx-thrift-59db6f7455-tvx27	nginx-thrift	2026-08-19T08:13:17Z	106.83867098509437
nginx-thrift-59db6f7455-tvx27	nginx-thrift	2026-08-19T08:13:32Z	106.79253707285645
nginx-thrift-59db6f7455-tvx27	nginx-thrift	2026-08-19T08:13:47Z	107.2597818364176
nginx-thrift-59db6f7455-tvx27	nginx-thrift	2026-08-19T08:14:02Z	107.08878111588128
nginx-thrift-59db6f7455-tvx27	nginx-thrift	2026-08-19T08:14:17Z	107.7149928876235
nginx-thrift-59db6f7455-tvx27	nginx-thrift	2026-08-19T08:14:32Z	107.3267381538888
nginx-thrift-59db6f7455-tvx27	nginx-thrift	2026-08-19T08:14:47Z	106.43103672500386
nginx-thrift-59db6f7455-tvx27	nginx-thrift	2026-08-19T08:15:02Z	108.64872242086292
nginx-thrift-59db6f7455-tvx27	nginx-thrift	2026-08-19T08:15:17Z	94.96073884117921
nginx-thrift-59db6f7455-tvx27	nginx-thrift	2026-08-19T08:15:32Z	109.8427067602368
nginx-thrift-59db6f7455-tvx27	nginx-thrift	2026-08-19T08:15:47Z	106.88066575055079
nginx-thrift-59db6f7455-tvx27	nginx-thrift	2026-08-19T08:16:02Z	90.4540840162528
nginx-thrift-59db6f7455-tvx27	nginx-thrift	2026-08-19T08:16:17Z	108.89481002114532
nginx-thrift-59db6f7455-tvx27	nginx-thrift	2026-08-19T08:16:32Z	109.90080648805025
nginx-thrift-59db6f7455-tvx27	nginx-thrift	2026-08-19T08:16:47Z	89.96671217590246
nginx-thrift-59db6f7455-tvx27	nginx-thrift	2026-08-19T08:17:02Z	108.12511235162472
nginx-thrift-59db6f7455-tvx27	nginx-thrift	2026-08-19T08:17:17Z	108.81274264531227
post-storage-memcached-75d9ccbc8b-pv94p	post-storage-memcached	2026-08-19T08:07:17Z	0.02974137029813854
post-storage-memcached-75d9ccbc8b-pv94p	post-storage-memcached	2026-08-19T08:07:32Z	0.030998939936983858
post-storage-memcached-75d9ccbc8b-pv94p	post-storage-memcached	2026-08-19T08:07:47Z	25.26952389511612
post-storage-memcached-75d9ccbc8b-pv94p	post-storage-memcached	2026-08-19T08:08:02Z	54.84640484129868
post-storage-memcached-75d9ccbc8b-pv94p	post-storage-memcached	2026-08-19T08:08:17Z	90.75318045632653
post-storage-memcached-75d9ccbc8b-pv94p	post-storage-memcached	2026-08-19T08:08:32Z	102.77683376954678
post-storage-memcached-75d9ccbc8b-pv94p	post-storage-memcached	2026-08-19T08:08:47Z	102.65180361154289
post-storage-memcached-75d9ccbc8b-pv94p	post-storage-memcached	2026-08-19T08:09:02Z	102.56421252539516
post-storage-memcached-75d9ccbc8b-pv94p	post-storage-memcached	2026-08-19T08:09:17Z	102.6953029350832
post-storage-memcached-75d9ccbc8b-pv94p	post-storage-memcached	2026-08-19T08:09:32Z	102.91101081976815
post-storage-memcached-75d9ccbc8b-pv94p	post-storage-memcached	2026-08-19T08:09:47Z	102.8199725741666
post-storage-memcached-75d9ccbc8b-pv94p	post-storage-memcached	2026-08-19T08:10:02Z	84.43043347693018
post-storage-memcached-75d9ccbc8b-pv94p	post-storage-memcached	2026-08-19T08:10:17Z	102.41657588921444
post-storage-memcached-75d9ccbc8b-pv94p	post-storage-memcached	2026-08-19T08:10:32Z	102.35152161383125
post-storage-memcached-75d9ccbc8b-pv94p	post-storage-memcached	2026-08-19T08:10:47Z	102.46893075997956
post-storage-memcached-75d9ccbc8b-pv94p	post-storage-memcached	2026-08-19T08:11:02Z	103.04271462885559
post-storage-memcached-75d9ccbc8b-pv94p	post-storage-memcached	2026-08-19T08:11:17Z	104.93283418689265
post-storage-memcached-75d9ccbc8b-pv94p	post-storage-memcached	2026-08-19T08:11:32Z	106.15261172705428
post-storage-memcached-75d9ccbc8b-pv94p	post-storage-memcached	2026-08-19T08:11:47Z	108.61931319255666
post-storage-memcached-75d9ccbc8b-pv94p	post-storage-memcached	2026-08-19T08:12:02Z	109.28833303646452
post-storage-memcached-75d9ccbc8b-pv94p	post-storage-memcached	2026-08-19T08:12:17Z	109.00109142085638
post-storage-memcached-75d9ccbc8b-pv94p	post-storage-memcached	2026-08-19T08:12:32Z	108.75649249384662
post-storage-memcached-75d9ccbc8b-pv94p	post-storage-memcached	2026-08-19T08:12:47Z	108.80378379494735
post-storage-memcached-75d9ccbc8b-pv94p	post-storage-memcached	2026-08-19T08:13:02Z	108.24790272102945
post-storage-memcached-75d9ccbc8b-pv94p	post-storage-memcached	2026-08-19T08:13:17Z	108.20545575991638
post-storage-memcached-75d9ccbc8b-pv94p	post-storage-memcached	2026-08-19T08:13:32Z	108.17649613780627
post-storage-memcached-75d9ccbc8b-pv94p	post-storage-memcached	2026-08-19T08:13:47Z	109.03308621891694
post-storage-memcached-75d9ccbc8b-pv94p	post-storage-memcached	2026-08-19T08:14:02Z	109.62258064516202
post-storage-memcached-75d9ccbc8b-pv94p	post-storage-memcached	2026-08-19T08:14:17Z	109.42734402537909
post-storage-memcached-75d9ccbc8b-pv94p	post-storage-memcached	2026-08-19T08:14:32Z	109.37415682758052
post-storage-memcached-75d9ccbc8b-pv94p	post-storage-memcached	2026-08-19T08:14:47Z	108.78228405155865
post-storage-memcached-75d9ccbc8b-pv94p	post-storage-memcached	2026-08-19T08:15:02Z	109.026911038201
post-storage-memcached-75d9ccbc8b-pv94p	post-storage-memcached	2026-08-19T08:15:17Z	109.20071774726388
post-storage-memcached-75d9ccbc8b-pv94p	post-storage-memcached	2026-08-19T08:15:32Z	109.32208145343276
post-storage-memcached-75d9ccbc8b-pv94p	post-storage-memcached	2026-08-19T08:15:47Z	108.78887623386484
post-storage-memcached-75d9ccbc8b-pv94p	post-storage-memcached	2026-08-19T08:16:02Z	108.2146510619852
post-storage-memcached-75d9ccbc8b-pv94p	post-storage-memcached	2026-08-19T08:16:17Z	107.95595912284313
post-storage-memcached-75d9ccbc8b-pv94p	post-storage-memcached	2026-08-19T08:16:32Z	107.49540542974184
post-storage-memcached-75d9ccbc8b-pv94p	post-storage-memcached	2026-08-19T08:16:47Z	107.5344408593372
post-storage-memcached-75d9ccbc8b-pv94p	post-storage-memcached	2026-08-19T08:17:02Z	107.26673041055766
post-storage-memcached-75d9ccbc8b-pv94p	post-storage-memcached	2026-08-19T08:17:17Z	107.34609179415774
post-storage-service-5499b78d57-b6t7g	post-storage-service	2026-08-19T08:07:17Z	0.0023808989007378404
post-storage-service-5499b78d57-b6t7g	post-storage-service	2026-08-19T08:07:32Z	0.002369822217768321
post-storage-service-5499b78d57-b6t7g	post-storage-service	2026-08-19T08:07:47Z	26.4009415778241
post-storage-service-5499b78d57-b6t7g	post-storage-service	2026-08-19T08:08:02Z	64.85837930722697
post-storage-service-5499b78d57-b6t7g	post-storage-service	2026-08-19T08:08:17Z	86.02840391074909
post-storage-service-5499b78d57-b6t7g	post-storage-service	2026-08-19T08:08:32Z	78.32179014184511
post-storage-service-5499b78d57-b6t7g	post-storage-service	2026-08-19T08:08:47Z	60.23862775929848
post-storage-service-5499b78d57-b6t7g	post-storage-service	2026-08-19T08:09:02Z	84.64962484685152
post-storage-service-5499b78d57-b6t7g	post-storage-service	2026-08-19T08:09:17Z	97.78394220081469
post-storage-service-5499b78d57-b6t7g	post-storage-service	2026-08-19T08:09:32Z	86.17396881683906
post-storage-service-5499b78d57-b6t7g	post-storage-service	2026-08-19T08:09:47Z	99.95520059160732
post-storage-service-5499b78d57-b6t7g	post-storage-service	2026-08-19T08:10:02Z	101.59985313939761
post-storage-service-5499b78d57-b6t7g	post-storage-service	2026-08-19T08:10:17Z	89.04850241546045
post-storage-service-5499b78d57-b6t7g	post-storage-service	2026-08-19T08:10:32Z	93.28807065655798
post-storage-service-5499b78d57-b6t7g	post-storage-service	2026-08-19T08:10:47Z	93.02320011507715
post-storage-service-5499b78d57-b6t7g	post-storage-service	2026-08-19T08:11:02Z	101.60925873331423
post-storage-service-5499b78d57-b6t7g	post-storage-service	2026-08-19T08:11:17Z	102.97601976552542
post-storage-service-5499b78d57-b6t7g	post-storage-service	2026-08-19T08:11:32Z	82.19895524465952
post-storage-service-5499b78d57-b6t7g	post-storage-service	2026-08-19T08:11:47Z	93.25518866885403
post-storage-service-5499b78d57-b6t7g	post-storage-service	2026-08-19T08:12:02Z	82.6902441137617
post-storage-service-5499b78d57-b6t7g	post-storage-service	2026-08-19T08:12:17Z	44.13182000000007
post-storage-service-5499b78d57-b6t7g	post-storage-service	2026-08-19T08:12:32Z	76.06390333227738
post-storage-service-5499b78d57-b6t7g	post-storage-service	2026-08-19T08:12:47Z	91.96544836149656
post-storage-service-5499b78d57-b6t7g	post-storage-service	2026-08-19T08:13:02Z	96.66339041946014
post-storage-service-5499b78d57-b6t7g	post-storage-service	2026-08-19T08:13:17Z	88.62885072349077
post-storage-service-5499b78d57-b6t7g	post-storage-service	2026-08-19T08:13:32Z	88.51433837721008
post-storage-service-5499b78d57-b6t7g	post-storage-service	2026-08-19T08:13:47Z	72.26744349477661
post-storage-service-5499b78d57-b6t7g	post-storage-service	2026-08-19T08:14:02Z	81.09220779220809
post-storage-service-5499b78d57-b6t7g	post-storage-service	2026-08-19T08:14:17Z	82.10131596646065
post-storage-service-5499b78d57-b6t7g	post-storage-service	2026-08-19T08:14:32Z	97.96832458099436
post-storage-service-5499b78d57-b6t7g	post-storage-service	2026-08-19T08:14:47Z	94.27793275623354
post-storage-service-5499b78d57-b6t7g	post-storage-service	2026-08-19T08:15:02Z	96.0404060267
post-storage-service-5499b78d57-b6t7g	post-storage-service	2026-08-19T08:15:17Z	84.29765922080252
post-storage-service-5499b78d57-b6t7g	post-storage-service	2026-08-19T08:15:32Z	68.5275266598497
post-storage-service-5499b78d57-b6t7g	post-storage-service	2026-08-19T08:15:47Z	78.89778576737628
post-storage-service-5499b78d57-b6t7g	post-storage-service	2026-08-19T08:16:02Z	67.48326550699456
post-storage-service-5499b78d57-b6t7g	post-storage-service	2026-08-19T08:16:17Z	44.6607659197664
post-storage-service-5499b78d57-b6t7g	post-storage-service	2026-08-19T08:16:32Z	60.27649209486161
post-storage-service-5499b78d57-b6t7g	post-storage-service	2026-08-19T08:16:47Z	89.301961254563
post-storage-service-5499b78d57-b6t7g	post-storage-service	2026-08-19T08:17:02Z	105.0503053620248
post-storage-service-5499b78d57-b6t7g	post-storage-service	2026-08-19T08:17:17Z	118.09219796215358
post-storage-service-5499b78d57-fc959	post-storage-service	2026-08-19T08:07:17Z	0.0023415555277102092
post-storage-service-5499b78d57-fc959	post-storage-service	2026-08-19T08:07:32Z	0.002300995024565117
post-storage-service-5499b78d57-fc959	post-storage-service	2026-08-19T08:07:47Z	12.757324870931402
post-storage-service-5499b78d57-fc959	post-storage-service	2026-08-19T08:08:02Z	47.84575884713616
post-storage-service-5499b78d57-fc959	post-storage-service	2026-08-19T08:08:17Z	67.84412931450035
post-storage-service-5499b78d57-fc959	post-storage-service	2026-08-19T08:08:32Z	87.14921540385913
post-storage-service-5499b78d57-fc959	post-storage-service	2026-08-19T08:08:47Z	68.78238303148572
post-storage-service-5499b78d57-fc959	post-storage-service	2026-08-19T08:09:02Z	80.4968680192512
post-storage-service-5499b78d57-fc959	post-storage-service	2026-08-19T08:09:17Z	73.15932846977297
post-storage-service-5499b78d57-fc959	post-storage-service	2026-08-19T08:09:32Z	104.03939143224935
post-storage-service-5499b78d57-fc959	post-storage-service	2026-08-19T08:09:47Z	97.07426163182798
post-storage-service-5499b78d57-fc959	post-storage-service	2026-08-19T08:10:02Z	92.2497476378892
post-storage-service-5499b78d57-fc959	post-storage-service	2026-08-19T08:10:17Z	72.7671221101207
post-storage-service-5499b78d57-fc959	post-storage-service	2026-08-19T08:10:32Z	83.22071382919172
post-storage-service-5499b78d57-fc959	post-storage-service	2026-08-19T08:10:47Z	98.74135852353525
post-storage-service-5499b78d57-fc959	post-storage-service	2026-08-19T08:11:02Z	109.47521872444888
post-storage-service-5499b78d57-fc959	post-storage-service	2026-08-19T08:11:17Z	85.36629947340003
post-storage-service-5499b78d57-fc959	post-storage-service	2026-08-19T08:11:32Z	61.45943612893024
post-storage-service-5499b78d57-fc959	post-storage-service	2026-08-19T08:11:47Z	34.76430179518741
post-storage-service-5499b78d57-fc959	post-storage-service	2026-08-19T08:12:02Z	62.08787324802001
post-storage-service-5499b78d57-fc959	post-storage-service	2026-08-19T08:12:17Z	111.27767687749012
post-storage-service-5499b78d57-fc959	post-storage-service	2026-08-19T08:12:32Z	95.60056012409596
post-storage-service-5499b78d57-fc959	post-storage-service	2026-08-19T08:12:47Z	98.05332864336465
post-storage-service-5499b78d57-fc959	post-storage-service	2026-08-19T08:13:02Z	83.8380899674213
post-storage-service-5499b78d57-fc959	post-storage-service	2026-08-19T08:13:17Z	99.94081661287942
post-storage-service-5499b78d57-fc959	post-storage-service	2026-08-19T08:13:32Z	102.68767371210632
post-storage-service-5499b78d57-fc959	post-storage-service	2026-08-19T08:13:47Z	106.66573361537715
post-storage-service-5499b78d57-fc959	post-storage-service	2026-08-19T08:14:02Z	84.85917333280176
post-storage-service-5499b78d57-fc959	post-storage-service	2026-08-19T08:14:17Z	106.25697550812112
post-storage-service-5499b78d57-fc959	post-storage-service	2026-08-19T08:14:32Z	88.83952472239936
post-storage-service-5499b78d57-fc959	post-storage-service	2026-08-19T08:14:47Z	122.0075724648767
post-storage-service-5499b78d57-fc959	post-storage-service	2026-08-19T08:15:02Z	109.69654055849418
post-storage-service-5499b78d57-fc959	post-storage-service	2026-08-19T08:15:17Z	118.61004716981122
post-storage-service-5499b78d57-fc959	post-storage-service	2026-08-19T08:15:32Z	114.15796355160055
post-storage-service-5499b78d57-fc959	post-storage-service	2026-08-19T08:15:47Z	112.11296128642891
post-storage-service-5499b78d57-fc959	post-storage-service	2026-08-19T08:16:02Z	99.87786239389239
post-storage-service-5499b78d57-fc959	post-storage-service	2026-08-19T08:16:17Z	85.46825034442043
post-storage-service-5499b78d57-fc959	post-storage-service	2026-08-19T08:16:32Z	73.22261945950072
post-storage-service-5499b78d57-fc959	post-storage-service	2026-08-19T08:16:47Z	75.41816103020822
post-storage-service-5499b78d57-fc959	post-storage-service	2026-08-19T08:17:02Z	88.80996714352798
post-storage-service-5499b78d57-fc959	post-storage-service	2026-08-19T08:17:17Z	91.43042361171103
post-storage-service-5499b78d57-q75mk	post-storage-service	2026-08-19T08:07:17Z	0.0019352174666894505
post-storage-service-5499b78d57-q75mk	post-storage-service	2026-08-19T08:07:32Z	0.0025700259894687306
post-storage-service-5499b78d57-q75mk	post-storage-service	2026-08-19T08:07:47Z	5.278938953164853
post-storage-service-5499b78d57-q75mk	post-storage-service	2026-08-19T08:08:02Z	50.836195364754
post-storage-service-5499b78d57-q75mk	post-storage-service	2026-08-19T08:08:17Z	67.26186837881234
post-storage-service-5499b78d57-q75mk	post-storage-service	2026-08-19T08:08:32Z	91.81918294508189
post-storage-service-5499b78d57-q75mk	post-storage-service	2026-08-19T08:08:47Z	109.5274826046726
post-storage-service-5499b78d57-q75mk	post-storage-service	2026-08-19T08:09:02Z	110.98913141800801
post-storage-service-5499b78d57-q75mk	post-storage-service	2026-08-19T08:09:17Z	114.52531814079569
post-storage-service-5499b78d57-q75mk	post-storage-service	2026-08-19T08:09:32Z	100.15303280886813
post-storage-service-5499b78d57-q75mk	post-storage-service	2026-08-19T08:09:47Z	93.07562709768705
post-storage-service-5499b78d57-q75mk	post-storage-service	2026-08-19T08:10:02Z	91.17171186211257
post-storage-service-5499b78d57-q75mk	post-storage-service	2026-08-19T08:10:17Z	107.80263063225075
post-storage-service-5499b78d57-q75mk	post-storage-service	2026-08-19T08:10:32Z	117.29973817667107
post-storage-service-5499b78d57-q75mk	post-storage-service	2026-08-19T08:10:47Z	112.24882358499441
post-storage-service-5499b78d57-q75mk	post-storage-service	2026-08-19T08:11:02Z	99.22446913233173
post-storage-service-5499b78d57-q75mk	post-storage-service	2026-08-19T08:11:17Z	95.62671665897525
post-storage-service-5499b78d57-q75mk	post-storage-service	2026-08-19T08:11:32Z	109.09203897480913
post-storage-service-5499b78d57-q75mk	post-storage-service	2026-08-19T08:11:47Z	107.07028495374362
post-storage-service-5499b78d57-q75mk	post-storage-service	2026-08-19T08:12:02Z	101.97656192635829
post-storage-service-5499b78d57-q75mk	post-storage-service	2026-08-19T08:12:17Z	86.76410280864201
post-storage-service-5499b78d57-q75mk	post-storage-service	2026-08-19T08:12:32Z	78.65662062635644
post-storage-service-5499b78d57-q75mk	post-storage-service	2026-08-19T08:12:47Z	82.73459654034555
post-storage-service-5499b78d57-q75mk	post-storage-service	2026-08-19T08:13:02Z	102.07883970101447
post-storage-service-5499b78d57-q75mk	post-storage-service	2026-08-19T08:13:17Z	113.48761756628689
post-storage-service-5499b78d57-q75mk	post-storage-service	2026-08-19T08:13:32Z	114.55981659112568
post-storage-service-5499b78d57-q75mk	post-storage-service	2026-08-19T08:13:47Z	100.95367358147833
post-storage-service-5499b78d57-q75mk	post-storage-service	2026-08-19T08:14:02Z	118.28339595634358
post-storage-service-5499b78d57-q75mk	post-storage-service	2026-08-19T08:14:17Z	120.50453006104162
post-storage-service-5499b78d57-q75mk	post-storage-service	2026-08-19T08:14:32Z	121.03500774930464
post-storage-service-5499b78d57-q75mk	post-storage-service	2026-08-19T08:14:47Z	93.2362653444573
post-storage-service-5499b78d57-q75mk	post-storage-service	2026-08-19T08:15:02Z	89.9095483758129
post-storage-service-5499b78d57-q75mk	post-storage-service	2026-08-19T08:15:17Z	80.53889027743067
post-storage-service-5499b78d57-q75mk	post-storage-service	2026-08-19T08:15:32Z	97.42975650298861
post-storage-service-5499b78d57-q75mk	post-storage-service	2026-08-19T08:15:47Z	93.5632556675067
post-storage-service-5499b78d57-q75mk	post-storage-service	2026-08-19T08:16:02Z	99.57392567046409
post-storage-service-5499b78d57-q75mk	post-storage-service	2026-08-19T08:16:17Z	85.65451592103835
post-storage-service-5499b78d57-q75mk	post-storage-service	2026-08-19T08:16:32Z	81.78808263654226
post-storage-service-5499b78d57-q75mk	post-storage-service	2026-08-19T08:16:47Z	79.01736697427894
post-storage-service-5499b78d57-q75mk	post-storage-service	2026-08-19T08:17:02Z	79.63414609773307
post-storage-service-5499b78d57-q75mk	post-storage-service	2026-08-19T08:17:17Z	83.84210934085553
post-storage-service-5499b78d57-sb5vs	post-storage-service	2026-08-19T08:07:17Z	0.002326131354980808
post-storage-service-5499b78d57-sb5vs	post-storage-service	2026-08-19T08:07:32Z	0.4669963891023852
post-storage-service-5499b78d57-sb5vs	post-storage-service	2026-08-19T08:07:47Z	21.898390736088952
post-storage-service-5499b78d57-sb5vs	post-storage-service	2026-08-19T08:08:02Z	45.65798677304693
post-storage-service-5499b78d57-sb5vs	post-storage-service	2026-08-19T08:08:17Z	85.50797323974521
post-storage-service-5499b78d57-sb5vs	post-storage-service	2026-08-19T08:08:32Z	91.1555752021703
post-storage-service-5499b78d57-sb5vs	post-storage-service	2026-08-19T08:08:47Z	90.79085817743065
post-storage-service-5499b78d57-sb5vs	post-storage-service	2026-08-19T08:09:02Z	84.06974196689326
post-storage-service-5499b78d57-sb5vs	post-storage-service	2026-08-19T08:09:17Z	63.640481008576835
post-storage-service-5499b78d57-sb5vs	post-storage-service	2026-08-19T08:09:32Z	74.38998578872446
post-storage-service-5499b78d57-sb5vs	post-storage-service	2026-08-19T08:09:47Z	69.32989555078767
post-storage-service-5499b78d57-sb5vs	post-storage-service	2026-08-19T08:10:02Z	80.3883377703061
post-storage-service-5499b78d57-sb5vs	post-storage-service	2026-08-19T08:10:17Z	75.83351016405302
post-storage-service-5499b78d57-sb5vs	post-storage-service	2026-08-19T08:10:32Z	75.83369829683777
post-storage-service-5499b78d57-sb5vs	post-storage-service	2026-08-19T08:10:47Z	65.46095758992493
post-storage-service-5499b78d57-sb5vs	post-storage-service	2026-08-19T08:11:02Z	68.2946766544026
post-storage-service-5499b78d57-sb5vs	post-storage-service	2026-08-19T08:11:17Z	87.46572012721333
post-storage-service-5499b78d57-sb5vs	post-storage-service	2026-08-19T08:11:32Z	103.95823322555518
post-storage-service-5499b78d57-sb5vs	post-storage-service	2026-08-19T08:11:47Z	110.9742792233639
post-storage-service-5499b78d57-sb5vs	post-storage-service	2026-08-19T08:12:02Z	105.74765691194723
post-storage-service-5499b78d57-sb5vs	post-storage-service	2026-08-19T08:12:17Z	101.191514491175
post-storage-service-5499b78d57-sb5vs	post-storage-service	2026-08-19T08:12:32Z	101.68095365299968
post-storage-service-5499b78d57-sb5vs	post-storage-service	2026-08-19T08:12:47Z	89.39022323502843
post-storage-service-5499b78d57-sb5vs	post-storage-service	2026-08-19T08:13:02Z	90.70209203332674
post-storage-service-5499b78d57-sb5vs	post-storage-service	2026-08-19T08:13:17Z	77.79776529040345
post-storage-service-5499b78d57-sb5vs	post-storage-service	2026-08-19T08:13:32Z	72.2701928608949
post-storage-service-5499b78d57-sb5vs	post-storage-service	2026-08-19T08:13:47Z	67.05268274616927
post-storage-service-5499b78d57-sb5vs	post-storage-service	2026-08-19T08:14:02Z	57.82736533573802
post-storage-service-5499b78d57-sb5vs	post-storage-service	2026-08-19T08:14:17Z	52.08663907654256
post-storage-service-5499b78d57-sb5vs	post-storage-service	2026-08-19T08:14:32Z	70.18280458487293
post-storage-service-5499b78d57-sb5vs	post-storage-service	2026-08-19T08:14:47Z	91.65788952028592
post-storage-service-5499b78d57-sb5vs	post-storage-service	2026-08-19T08:15:02Z	103.87750113999002
post-storage-service-5499b78d57-sb5vs	post-storage-service	2026-08-19T08:15:17Z	105.70491348433586
post-storage-service-5499b78d57-sb5vs	post-storage-service	2026-08-19T08:15:32Z	100.42631227492826
post-storage-service-5499b78d57-sb5vs	post-storage-service	2026-08-19T08:15:47Z	98.543756490674
post-storage-service-5499b78d57-sb5vs	post-storage-service	2026-08-19T08:16:02Z	83.45913818722065
post-storage-service-5499b78d57-sb5vs	post-storage-service	2026-08-19T08:16:17Z	102.96404254196041
post-storage-service-5499b78d57-sb5vs	post-storage-service	2026-08-19T08:16:32Z	108.91762995375021
post-storage-service-5499b78d57-sb5vs	post-storage-service	2026-08-19T08:16:47Z	73.14897197774697
post-storage-service-5499b78d57-sb5vs	post-storage-service	2026-08-19T08:17:02Z	80.13116108619998
post-storage-service-5499b78d57-sb5vs	post-storage-service	2026-08-19T08:17:17Z	92.33843560867268
post-storage-service-5499b78d57-t2zsr	post-storage-service	2026-08-19T08:07:17Z	0.0022699476529426514
post-storage-service-5499b78d57-t2zsr	post-storage-service	2026-08-19T08:07:32Z	0.002443125207775459
post-storage-service-5499b78d57-t2zsr	post-storage-service	2026-08-19T08:07:47Z	31.503752949483914
post-storage-service-5499b78d57-t2zsr	post-storage-service	2026-08-19T08:08:02Z	66.79630507042886
post-storage-service-5499b78d57-t2zsr	post-storage-service	2026-08-19T08:08:17Z	83.34347659735717
post-storage-service-5499b78d57-t2zsr	post-storage-service	2026-08-19T08:08:32Z	100.49925468096683
post-storage-service-5499b78d57-t2zsr	post-storage-service	2026-08-19T08:08:47Z	91.13975889944483
post-storage-service-5499b78d57-t2zsr	post-storage-service	2026-08-19T08:09:02Z	101.99988173624071
post-storage-service-5499b78d57-t2zsr	post-storage-service	2026-08-19T08:09:17Z	93.65657027335985
post-storage-service-5499b78d57-t2zsr	post-storage-service	2026-08-19T08:09:32Z	91.75377120586913
post-storage-service-5499b78d57-t2zsr	post-storage-service	2026-08-19T08:09:47Z	95.77453273930973
post-storage-service-5499b78d57-t2zsr	post-storage-service	2026-08-19T08:10:02Z	101.4117380280688
post-storage-service-5499b78d57-t2zsr	post-storage-service	2026-08-19T08:10:17Z	98.25186027472054
post-storage-service-5499b78d57-t2zsr	post-storage-service	2026-08-19T08:10:32Z	75.49352468751387
post-storage-service-5499b78d57-t2zsr	post-storage-service	2026-08-19T08:10:47Z	75.20728749877847
post-storage-service-5499b78d57-t2zsr	post-storage-service	2026-08-19T08:11:02Z	75.61690469441538
post-storage-service-5499b78d57-t2zsr	post-storage-service	2026-08-19T08:11:17Z	65.12138893781358
post-storage-service-5499b78d57-t2zsr	post-storage-service	2026-08-19T08:11:32Z	90.1299409836069
post-storage-service-5499b78d57-t2zsr	post-storage-service	2026-08-19T08:11:47Z	92.56532848520894
post-storage-service-5499b78d57-t2zsr	post-storage-service	2026-08-19T08:12:02Z	74.4566814262311
post-storage-service-5499b78d57-t2zsr	post-storage-service	2026-08-19T08:12:17Z	83.55003729991111
post-storage-service-5499b78d57-t2zsr	post-storage-service	2026-08-19T08:12:32Z	85.78819234073435
post-storage-service-5499b78d57-t2zsr	post-storage-service	2026-08-19T08:12:47Z	93.24056663501138
post-storage-service-5499b78d57-t2zsr	post-storage-service	2026-08-19T08:13:02Z	88.48476900088889
post-storage-service-5499b78d57-t2zsr	post-storage-service	2026-08-19T08:13:17Z	82.18616624732013
post-storage-service-5499b78d57-t2zsr	post-storage-service	2026-08-19T08:13:32Z	83.81505837591841
post-storage-service-5499b78d57-t2zsr	post-storage-service	2026-08-19T08:13:47Z	105.66886421058825
post-storage-service-5499b78d57-t2zsr	post-storage-service	2026-08-19T08:14:02Z	93.35517678966269
post-storage-service-5499b78d57-t2zsr	post-storage-service	2026-08-19T08:14:17Z	112.05267921088627
post-storage-service-5499b78d57-t2zsr	post-storage-service	2026-08-19T08:14:32Z	76.74519610423756
post-storage-service-5499b78d57-t2zsr	post-storage-service	2026-08-19T08:14:47Z	61.634613880997456
post-storage-service-5499b78d57-t2zsr	post-storage-service	2026-08-19T08:15:02Z	64.47909605662258
post-storage-service-5499b78d57-t2zsr	post-storage-service	2026-08-19T08:15:17Z	66.63431693989088
post-storage-service-5499b78d57-t2zsr	post-storage-service	2026-08-19T08:15:32Z	61.82302441097492
post-storage-service-5499b78d57-t2zsr	post-storage-service	2026-08-19T08:15:47Z	82.75934712609667
post-storage-service-5499b78d57-t2zsr	post-storage-service	2026-08-19T08:16:02Z	81.60564701363357
post-storage-service-5499b78d57-t2zsr	post-storage-service	2026-08-19T08:16:17Z	124.83173448035463
post-storage-service-5499b78d57-t2zsr	post-storage-service	2026-08-19T08:16:32Z	135.40169117491126
post-storage-service-5499b78d57-t2zsr	post-storage-service	2026-08-19T08:16:47Z	107.06871110870601
post-storage-service-5499b78d57-t2zsr	post-storage-service	2026-08-19T08:17:02Z	97.96429452609942
post-storage-service-5499b78d57-t2zsr	post-storage-service	2026-08-19T08:17:17Z	85.05251302905809
